:020000040800F2
:10000000B8200020350200083D0200083F02000829
:1000100041020008430200084502000800000000F9
:10002000000000000000000000000000470200087F
:1000300049020008000000004B0200084D020008C1
:100040004F0200084F0200084F0200084F0200084C
:100050004F0200084F0200084F0200084F0200083C
:100060004F0200084F0200084F0200084F0200082C
:100070004F0200084F0200084F0200084F0200081C
:100080004F0200084F0200084F0200084F0200080C
:100090004F0200084F0200084F0200085D080008E8
:1000A0004F0200084F0200084F0200084F020008EC
:1000B000F10900084F020008D10800084F020008AB
:1000C0004F0200084F0200084F0200084F020008CC
:1000D0004F020008A53600084F0200084F02000832
:1000E0004F0200084F0200084F02000800F002F81B
:1000F00000F090F80AA090E8000C82448344AAF132
:100100000107DA4501D100F085F8AFF2090EBAE82F
:100110000F0013F0010F18BFFB1A43F0010318473B
:100120002C9200004C920000103A24BF78C878C18D
:10013000FAD8520724BF30C830C144BF04680C60ED
:10014000704700000023002400250026103A28BF35
:1001500078C1FBD8520728BF30C148BF0B60704739
:100160006E2903F09784702903F0D985662905F07C
:100170006980652905F06680672905F0638061293B
:1001800005F0628003681B0A28BF41F080016929DD
:1001900003F04484642903F04184752903F03E840C
:1001A0006F2903F06785782903F0A585E92903F015
:1001B0000185E42903F0FE84F52903F0FB84EF298F
:1001C00003F06485F82903F0A4850368DB0928BFE0
:1001D00041F08001632904F0A582732904F0AA820A
:1001E000E32904F0B582F32904F0BA8200207047B5
:1001F0001FB504F00BFB04000020002105F00CF8F3
:10020000401C60600020002104F0F0FFE0601FBD92
:1002100010B510BD04F0CCFA1146FFF7E9FF00F06D
:10022000DFFF04F0A9FB03B4FFF7F2FF03BC04F007
:10023000F1FB00000948804709480047FEE7FEE758
:10024000FEE7FEE7FEE7FEE7FEE7FEE7FEE7FEE786
:1002500004480549054A064B704700002D30000848
:10026000ED000008B8100020B8200020B8180020C9
:10027000B818002083B04FF60040C0F6000001908F
:1002800041F2A900C2F2000000900020ADF80A007F
:10029000FFE7BDF80A00012811DCFFE70198BDF86F
:1002A0000A1050F821000099BDF80A2041F82200F8
:1002B000FFE7BDF80A000130ADF80A00E9E703B036
:1002C000704700BF80B584B04FF60040C0F6000014
:1002D000029041F2A900C2F20000019001F002FB7D
:1002E000029801F033FB00208DF80F00FFE79DF826
:1002F0000F00012811DCFFE702989DF80F2000EBAA
:100300008200019951F8221001F0ACFCFFE79DF842
:100310000F0001308DF80F00E9E701F003FB04B096
:1003200080BD00BF41F21C01C4F20201086840F424
:100330008000086041F21801C4F20201086840F030
:100340000800086040F60441C4F20101086820F486
:1003500070600860086840F410600860086820F465
:1003600070400860086840F41040086045F60001DD
:10037000C4F20001088840F40040088008886FF348
:10038000DF30088045F61C02C4F20002B420108061
:1003900045F62002C4F200021320108045F6040244
:1003A000C4F20002108840F038001080088840F045
:1003B00001000880704700BF81B08DF803008DF800
:1003C000021045F60001C4F20001088840F4807074
:1003D0000880FFE745F61400C4F200000088C0075B
:1003E00008B9FFE7F6E79DF80300400045F6100165
:1003F000C4F200010880FFE745F61400C4F20000D3
:1004000000888007002801D4FFE7F5E745F61800CB
:10041000C4F2000000889DF8020045F61001C4F205
:1004200000010880FFE745F61400C4F200000088D0
:100430000006002801D4FFE7F5E745F60001C4F205
:100440000001088840F40070088001B0704700BFC8
:1004500080B586B040F2A500C2F2000000780146E7
:100460000191032858D80199DFE801F0020C3B48BC
:1004700049F24123C0F6000300201421012202F0BA
:1004800015FB49E040F28B00C2F20000007850B941
:10049000FFE749F22F23C0F6000300202C210122A0
:1004A00002F004FB1CE040F28B00C2F20000007876
:1004B00001280AD1FFE749F22623C0F600030020F5
:1004C0002C21012202F0F2FA09E049F23823C0F6A9
:1004D000000300202C21012202F0E8FAFFE7FFE7E9
:1004E0001AE040F28000C2F20000027849F21721BF
:1004F000C0F6000102A803F015FA0DE040F2790001
:10050000C2F2000090F9002049F20921C0F6000172
:1005100002A803F007FAFFE7002000902C21012237
:1005200002AB02F0C3FA00981F2102F039FC06B0BA
:1005300080BD00BF84B08DF80F009DF80F0000282B
:1005400046D0FFE740F2A500C2F200000078014665
:10055000029140B1FFE70298012815D0FFE7029809
:10056000022823D033E040F20100C2F200000078FC
:10057000632808DCFFE740F20101C2F200010878BD
:1005800001300870FFE722E040F20001C2F20001F2
:10059000087801304AF6AB22CAF6AA22A0FB023242
:1005A000520802EB4202801A087010E040F2780014
:1005B000C2F200000078062808DCFFE740F278016C
:1005C000C2F20001087801300870FFE7FFE74CE055
:1005D00040F2A500C2F2000000780146019140B14E
:1005E000FFE70198012815D0FFE7019802282AD0DB
:1005F0003AE040F20100C2F200000078012808DB76
:10060000FFE740F20101C2F20001087801380870EA
:10061000FFE729E040F20000C2F20000007818B9BC
:10062000FFE70220009007E040F20000C2F2000065
:10063000007801380090FFE7009840F20001C2F214
:100640000001087010E040F27800C2F2000000786B
:10065000012808DBFFE740F27801C2F200010878C8
:1006600001380870FFE7FFE7FFE740F2A601C2F29A
:1006700000010120087004B0704700BF80B584B04D
:1006800040F2A700C2F20000007878B1FFE7AF2087
:1006900001F0D2FF40F2A701C2F200010020087071
:1006A00040F28401C2F200010860D4E040F6240068
:1006B000C4F200000088ADF80E0000208DF80D0097
:1006C000FFE740F60800C4F2010000684006002879
:1006D0002ED4FFE740F62400C4F200000088ADF8F5
:1006E0000A00BDF80A00BDF80E10884207DBFFE7DC
:1006F000BDF80A00BDF80E10401A019009E0BDF8DF
:100700000A00BDF80E10401A42F210710844019020
:10071000FFE70198ADF80800BDF8080040F2DC5191
:10072000884204DBFFE701208DF80D0000E0C8E7F8
:100730009DF80D0000286FD0FFE79DF80D00002800
:100740005DD0FFE7FFE740F60800C4F20100006853
:100750004006002802D4FFE700BFF4E740F2A500FE
:10076000C2F20000007858B9FFE740F21100C2F26F
:100770000000007841F2A901C2F20001C8703BE01C
:1007800040F2A500C2F20000007801280BD1FFE77B
:1007900040F28B00C2F20000007841F2A901C2F2DF
:1007A0000001087027E040F2A500C2F200000078C6
:1007B00002280BD1FFE740F28000C2F2000000786F
:1007C00041F2A901C2F20001487013E040F2A50015
:1007D000C2F20000007803280BD1FFE740F2790055
:1007E000C2F20000007841F2A901C2F200010871D2
:1007F000FFE7FFE7FFE7FFE7FFF764FDFFE7FFE73E
:1008000040F60800C4F2010000684006002802D447
:10081000FFE700BFF4E71EE040F2A401C2F20001CE
:100820000120087040F2A500C2F2000001780131F9
:1008300001700078042807DBFFE740F2A501C2F24F
:10084000000100200870FFE740F2A601C2F200019B
:1008500001200870FFE704B080BD00BF80B540F202
:100860001440C4F2010000684006002817D5FFE7D5
:1008700040F21441C4F201014020086040F6240017
:10088000C4F20000008840F27C01C2F2000108803E
:1008900040F27B01C2F2000101200870FFE740F244
:1008A0001440C4F201000068800600280FD5FFE75D
:1008B00040F21441C4F201012020086040F294018A
:1008C000C2F200010120087002F02AFFFFE780BD9C
:1008D00080B582B040F61000C4F200000088C00766
:1008E000002800F08380FFE740F61001C4F2000109
:1008F000088820F00100088040F28400C2F2000065
:100900000068A8B1FFE740F28400C2F2000000686E
:1009100040F20801C2F200010968884208D2FFE7EC
:1009200040F28401C2F20001086801300860FFE76C
:1009300040F2A000C2F200000068A8B1FFE740F258
:10094000A000C2F20000006840F20C01C2F20001F7
:100950000968884208D2FFE740F2A001C2F2000114
:10096000086801300860FFE740F27B00C2F2000037
:100970000078D0B3FFE740F62400C4F200000088FE
:10098000ADF80600BDF8060040F27C01C2F200019D
:10099000098888420ADBFFE7BDF8060040F27C01C7
:1009A000C2F200010988401A00900CE0BDF8060070
:1009B00040F27C01C2F200010988401A42F2107133
:1009C00008440090FFE70098ADF80400BDF804006B
:1009D000012809DBFFE740F27B01C2F200010020A1
:1009E0000870FFF74BFEFFE7FFE7FFE702B080BDAF
:1009F00080B58AB01020C4F200000088C00700282B
:100A000000F07281FFE71021C4F20001088820F095
:100A10000100088040F2A700C2F20000007878B11F
:100A2000FFE7AF2001F008FE40F2A701C2F200018B
:100A30000020087040F28401C2F20001086052E117
:100A400040F28401C2F200010020086002F0FCFCC8
:100A500040F27F01C2F20001087040F2A400C2F22D
:100A600000000078002800F0C280FFE740F27F001D
:100A7000C2F200000078002855D0FFE740F2A50040
:100A8000C2F2000000780146099103284AD809996A
:100A9000DFE801F00213253640F21100C2F2000037
:100AA0000078632808DCFFE740F21101C2F2000180
:100AB000087801300870FFE734E040F28B01C2F2A1
:100AC0000001087801304AF6AB22CAF6AA22A0FB40
:100AD0000232520802EB4202801A087022E040F211
:100AE0008000C2F200000078032808DCFFE740F233
:100AF0008001C2F20001087801300870FFE711E0C0
:100B000040F27900C2F2000090F90000092808DCE8
:100B1000FFE740F27901C2F2000108780130087065
:100B2000FFE7FFE75CE040F2A500C2F200000078BA
:100B300001460891032852D80899DFE801F0021312
:100B40002C3D40F21100C2F200000078012808DBC1
:100B5000FFE740F21101C2F2000108780138087085
:100B6000FFE73CE040F28B00C2F20000007818B9C9
:100B7000FFE70220079007E040F28B00C2F200007E
:100B8000007801380790FFE7079840F28B01C2F226
:100B90000001087023E040F28000C2F200000078FB
:100BA000012808DBFFE740F28001C2F2000108786B
:100BB00001380870FFE712E040F27900C2F200004D
:100BC00090F9000010F1090F08DBFFE740F279010E
:100BD000C2F20001087801380870FFE7FFE7FFE77D
:100BE00040F2A601C2F20001012008707AE040F252
:100BF0007F00C2F200000078002846D1FFE740F2F3
:100C00007E00C2F2000000780146069103283BD81E
:100C10000699DFE801F002101D2B40F27E01C2F2BE
:100C20000001012005900870002002F07DFC05986D
:100C300002F08AFC28E040F27E01C2F200010220AC
:100C40000870012002F070FC002002F07DFC1BE027
:100C500040F27E01C2F200010320087000200490DF
:100C600002F062FC049802F06FFC0DE040F27E019D
:100C7000C2F20001002008700120039002F054FC31
:100C8000039802F061FCFFE72BE040F28A00C2F219
:100C9000000000780146029120B1FFE70298012888
:100CA0000FD01DE040F28A00C2F200000190012145
:100CB0000170007802F008FC0198007801F018FC3F
:100CC0000EE040F28A00C2F20000009000210170A4
:100CD000007802F0F9FB0098007801F009FCFFE7CA
:100CE000FFE7FFE7FFE7FFE70AB080BD81B08DF8BF
:100CF00003008DF802108DF80120FFE745F618007B
:100D0000C4F2000000888007002801D5FFE7F5E75E
:100D100045F60001C4F20001088840F480700880A4
:100D2000FFE745F61400C4F200000088C00708B9C8
:100D3000FFE7F6E79DF80300400045F61001C4F216
:100D400000010880FFE745F61400C4F200000088A7
:100D50008007002801D4FFE7F5E745F61800C4F244
:100D6000000000889DF8020045F61001C4F2000161
:100D70000880FFE745F61400C4F200000088000672
:100D8000002801D4FFE7F5E79DF8010045F61001C2
:100D9000C4F200010880FFE745F61400C4F2000029
:100DA00000880006002801D4FFE7F5E745F60001BA
:100DB000C4F20001088840F40070088001B0704758
:100DC00080B582B08DF8070000208DF806009DF8F0
:100DD000070040018DF806009DF8060040F00C0069
:100DE0008DF806009DF8070040F28001C2F2000174
:100DF00008709DF8062048200721FFF777FF02B012
:100E000080BD00BF80B582B08DF8070000208DF84E
:100E100006009DF8070001460091012808D0FFE771
:100E20000098022808D0FFE70098032808D00BE0BC
:100E300000208DF806000BE040208DF8060007E04A
:100E400050208DF8060003E000208DF80600FFE733
:100E50009DF8070040F28B01C2F2000108709DF876
:100E6000062048200121FFF741FF02B080BD00BFEE
:100E700082B08DF807008DF806109DF8070080F00D
:100E8000FF00ADF804009DF8070080F0FF00ADF80A
:100E900002009DF806007E2809DCFFE79DF8061099
:100EA000BDF80200401A7F30ADF802000EE09DF858
:100EB0000600802809DBFFE79DF80600BDF8041056
:100EC00008447F38ADF80400FFE7FFE7BDF90400F0
:100ED000B0F5807F04DBFFE7FF20ADF80400FFE7FB
:100EE000BDF90400B0F1FF3F04DCFFE70020ADF8DE
:100EF0000400FFE7BDF90200B0F5807F04DBFFE7E7
:100F0000FF20ADF80200FFE7BDF90200B0F1FF3F9E
:100F100004DCFFE70020ADF80200FFE79DF80400C5
:100F20008DF801009DF802008DF8000002B07047B6
:100F300080B540F21000C2F20000007848B9FFE727
:100F400040F21001C2F200010120087001F014FC0F
:100F5000FFE7322001F004FA49F29423C0F60003BF
:100F600005210022104601F0A1FD80BD80B584B0AE
:100F70008DF80F008DF80E10ADF80C20152001F043
:100F80005BFB9DF80F0001F04DFB9DF80F00313029
:100F9000C0B201F047FB752001F04EFB9DF80E003A
:100FA00001F040FB9DF80E001730C0B201F03AFB93
:100FB0005C2001F041FB00208DF80B00FFE79DF85D
:100FC0000B00172861DCFFE700208DF80A00FFE71F
:100FD0009DF80A00042851DCFFE79DF80A0048F656
:100FE000B842C0F600029C2100FB012004300190B1
:100FF00000208DF80300FFE79DF80300122833DC82
:10100000FFE700208DF8020001989DF8031050F8CA
:1010100031009DF80B10C840C00738B1FFE79DF8BC
:10102000020040F0F0008DF80200FFE701989DF803
:10103000031000EBC10040689DF80B10C840C007CA
:1010400038B1FFE79DF8020040F00F008DF8020074
:10105000FFE79DF8020001F0E5FAFFE79DF80300C5
:1010600001308DF80300C7E7002001F0DBFAFFE74D
:101070009DF80A0001308DF80A00A9E7FFE79DF806
:101080000B0001308DF80B0099E7BDF80C0001F062
:1010900067F901F071FB04B080BD00BF80B582B07C
:1010A00041F21801C4F20201086840F0080008602B
:1010B00040F60042C4F20102106820F47000106093
:1010C000106840F40000106040F60C42C4F20102C7
:1010D000106840F020001060086840F001000860CF
:1010E0000C21C4F20101086820F0F00008600868D3
:1010F00040F01000086040F20041C4F201010868AD
:1011000040F02000086040F20C41C4F20101086880
:1011100040F02000086040F20841C4F20101086874
:1011200020F0200008601720019000F025F80198B9
:10113000012100F033F841F21C01C4F202010868F9
:1011400040F00200086040F22841C4F2000140F281
:10115000CF20088040F22C41C4F200014FF6FF700E
:10116000088040F20041C4F20001088840F001000C
:10117000088002B080BD00BF81B08DF803009DF9EA
:10118000031001F01F02012090404A094EF20011A5
:10119000CEF2000141F8220001B0704782B08DF814
:1011A000070000919DF90700B0F1FF3F0CDCFFE75D
:1011B000009800019DF8071001F00F014EF614523F
:1011C000CEF20002885409E0009800019DF9071052
:1011D0004EF20042CEF200028854FFE702B07047A0
:1011E00080B588B0002007904FF60040C0F60000A0
:1011F0000068013080B9FFE741F2A901C2F20001A5
:101200000020087048701F2088705020C8707F2010
:101210000871FFF757F8FFE7FFF72CF841F2A90034
:10122000C2F20000017840F28B02C2F2000211709B
:10123000417840F28002C2F200021170C17840F29F
:101240001102C2F200021170007940F27901C2F27B
:101250000001087001F042F801F0AAF802F042F82B
:1012600002F0FCF802F080F9FFF75CF8FFF716FFD8
:1012700001F01AFA41F21C01C4F20201086840F0C0
:101280000400086040F20400C2F20000006841F26D
:101290005971CDF2B711A0FB01014FF0FF3000EB07
:1012A000513040F62801C4F20001088040F62C01BC
:1012B000C4F2000142F21070088040F60C01C4F242
:1012C0000001088840F00100088040F60001C4F2E7
:1012D0000001088840F0010008801E20FFF74CFF45
:1012E00041F21801C4F20201086840F010000860E1
:1012F00041F20401C4F20101086820F470000860A2
:10130000086840F48010086041F20C01C4F2010149
:10131000086820F400500860012001F0D9F823206B
:1013200014214FF47A72FFF721FE49F24123C0F6EF
:101330000003002203921046114601F0B7FB039808
:10134000ADF81A00FFE740F2A600C2F200000078F4
:10135000002800F06E81FFE740F2A601C2F2000112
:1013600000200870FFF774F8FFF788F940F2244076
:10137000C4F200000088BDF81A1088422DDDFFE796
:1013800040F21100C2F200000178013101700078D2
:10139000B0F5807F07DBFFE740F21101C2F20001E8
:1013A000FF200870FFE740F21100C2F20000007851
:1013B00040F27901C2F200010978FFF759FD40F2CD
:1013C000A601C2F200010120087040F22440C4F2DC
:1013D00000000088ADF81A003EE040F22440C4F25C
:1013E00000000088BDF81A10884234DAFFE740F2A6
:1013F0001100C2F20000017801390170007848B193
:10140000FFE740F21100C2F200000078B0F5807FE3
:1014100007DBFFE740F21101C2F200010020087073
:10142000FFE740F21100C2F20000007840F27901BB
:10143000C2F200010978FFF71BFD40F2A601C2F2DB
:1014400000010120087040F22440C4F2000000882E
:10145000ADF81A00FFE7FFE740F62400C4F20000F1
:101460000088ADF81800BDF8180040F29601C2F2ED
:101470000001098888420ADBFFE7BDF8180040F246
:101480009601C2F200010988401A02900CE0BDF8F2
:10149000180040F29601C2F200010988401A42F297
:1014A000107108440290FFE70298ADF81600BDF8ED
:1014B0001600B0F5FA6F10DDFFE740F28800C2F2C7
:1014C00000000088012807DBFFE740F28801C2F234
:1014D000000100200880FFE7FFE741F2B100C2F2FF
:1014E000000002F0EFF9002800F09280FFE741F2DF
:1014F000B100C2F20000817840F28D00C2F200001B
:1015000001700078014601911E2804D0FFE7019880
:101510001F283BD07BE040F28800C2F20000008828
:10152000062808DBFFE740F21101C2F2000108784B
:101530000430087007E040F21101C2F2000108789F
:1015400002300870FFE740F21100C2F2000000789C
:10155000B0F5807F07DBFFE740F21101C2F2000126
:10156000FF200870FFE740F21100C2F2000000788F
:1015700040F27901C2F200010978FFF779FC40F2EC
:10158000A601C2F200010120087040E040F288008C
:10159000C2F200000088062808DBFFE740F21101D4
:1015A000C2F2000108780438087007E040F2110127
:1015B000C2F20001087802380870FFE740F211001B
:1015C000C2F200000078FF2807DCFFE740F21100BC
:1015D000C2F20000007838B9FFE740F21101C2F210
:1015E000000100200870FFE740F21100C2F2000085
:1015F000007840F27901C2F200010978FFF738FC67
:1016000040F2A601C2F2000101200870FFE7FFE7E7
:1016100040F2A600C2F20000007848B1FFE740F2B5
:10162000A601C2F2000100200870FEF711FFFFE7DB
:10163000FFE740F62400C4F200000088ADF8140073
:10164000BDF8140040F29601C2F2000109888842F8
:101650000ADBFFE7BDF8140040F29601C2F2000178
:101660000988401A00900CE0BDF8140040F2960181
:10167000C2F200010988401A42F210710844009039
:10168000FFE70098ADF81200BDF81200B0F5FA6F50
:1016900010DDFFE740F28800C2F200000088012858
:1016A00007DBFFE740F28801C2F20001002008805A
:1016B000FFE7FFE740F21100C2F20000007840F2BD
:1016C0007901C2F200010978FFF7D2FB3BE600BFC7
:1016D00080B582B001F0E0FF8DF807009DF80700AB
:1016E000002800F0C680FFE79DF80700013801469A
:1016F00000911C2800F2BC800099DFE801F00F196E
:10170000232D37414B555F69737DB9B9B9B9B9B963
:10171000B9B9B9B9B9B987919BA5AF0049F2A2236C
:10172000C0F6000305210022104601F0BFF99FE03A
:1017300049F23033C0F6000305210022104601F0C3
:10174000B5F995E049F2BF23C0F600030521002258
:10175000104601F0ABF98BE049F21433C0F60003F8
:1017600005210022104601F0A1F981E049F2DB23B6
:10177000C0F6000305210022104601F097F977E03A
:1017800049F2CD23C0F6000305210022104601F0E6
:101790008DF96DE049F22233C0F6000305210022E5
:1017A000104601F083F963E049F2E923C0F6000333
:1017B00005210022104601F079F959E049F2F7239A
:1017C000C0F6000305210022104601F06FF94FE03A
:1017D00049F23E33C0F6000305210022104601F015
:1017E00065F945E049F2B023C0F600030521002267
:1017F000104601F05BF93BE049F20533C0F6000307
:1018000005210022104601F051F931E049F24E2342
:10181000C0F6000305210022104601F047F927E039
:1018200049F25C23C0F6000305210022104601F0B6
:101830003DF91DE049F28623C0F600030521002290
:10184000104601F033F913E049F27823C0F60003A3
:1018500005210022104601F029F909E049F26A2326
:10186000C0F6000305210022104601F01FF9FFE732
:10187000FFE702B080BD000082B001900020009020
:1018800042F20001C4F2020108680090009800F0E2
:1018900038000090019A009810430090009808606A
:1018A00002B0704781B0009042F20001C4F2020120
:1018B000086820F008000860009A08681043086073
:1018C00001B0704781B0009042F20001C4F2020101
:1018D000086820F010000860009A0868104308604B
:1018E00001B0704742F20401C4F2020140F2231039
:1018F000C4F26750086048F6AB10CCF6EF500860B1
:10190000704700BF42F20401C4F2020140F223100A
:10191000C4F26750086048F6AB10CCF6EF50086090
:10192000704700BF42F21001C4F20201086840F0A3
:1019300080000860704700BF42F21001C4F202014B
:10194000086840F080000860704700BF80B584B030
:10195000039004208DF80B004FF4302000F02CF899
:101960008DF80B009DF80B00042820D1FFE742F210
:101970001001C4F202010191086840F00200086001
:10198000039842F21402C4F202021060086840F0A8
:10199000400008604FF4302000F00EF801998DF8F7
:1019A0000B00086841F6FD7210400860FFE79DF8E3
:1019B0000B0004B080BD00BF80B584B0039004204C
:1019C0008DF80B0000F056FC8DF80B00FFE79DF83A
:1019D0000B1000200129019006D1FFE70398002891
:1019E00018BF01200190FFE70198C00740B1FFE751
:1019F00000F040FC8DF80B00039801380390E6E7F7
:101A0000039820B9FFE705208DF80B00FFE79DF84C
:101A10000B0004B080BD00BF80B582B004208DF8FB
:101A200007004FF43020FFF7C7FF8DF807009DF83F
:101A3000070004281AD1FFE742F21001C4F20201A4
:101A40000091086840F004000860086840F0400019
:101A500008604FF43020FFF7AFFF00998DF80700C2
:101A6000086841F6FB7210400860FFE79DF8070028
:101A700002B080BD80B582B004208DF807004FF41D
:101A8000302000F025F88DF807009DF807000428A5
:101A90001AD1FFE742F21001C4F202010091086876
:101AA00040F004000860086840F0400008604FF40F
:101AB000302000F00DF800998DF80700086841F615
:101AC000FB7210400860FFE79DF8070002B080BD80
:101AD00080B584B0039004208DF80B0000F0CAFBA1
:101AE0008DF80B00FFE79DF80B10002001290190F5
:101AF00006D1FFE70398002818BF01200190FFE7F7
:101B00000198C00740B1FFE700F0B4FB8DF80B006F
:101B1000039801380390E6E7039820B9FFE7052012
:101B20008DF80B00FFE79DF80B0004B080BD00BFEF
:101B300080B582B0A520ADF8060004208DF8050020
:101B400000F076F820B1FFE70020ADF80600FFE7CF
:101B50004FF43020FFF730FF8DF805009DF80500A9
:101B6000042860D1FFE742F20801C4F2020140F20A
:101B70002310C4F26750086048F6AB10CCF6EF5063
:101B8000086042F21001C4F20201086840F020002F
:101B90000860086840F0400008604FF43020FFF70C
:101BA0000BFF8DF805009DF8050004282AD1FFE7FA
:101BB00042F21001C4F20201086841F6DF721040DF
:101BC0000860086840F010000860BDF806004FF695
:101BD0000001C1F6FF7108804FF40050FFF7ECFEE2
:101BE0008DF805009DF8050005280AD0FFE742F2B0
:101BF0001001C4F20201086841F6EF72104008605B
:101C0000FFE70FE09DF8050005280AD0FFE742F244
:101C10001001C4F20201086841F6EF72104008603A
:101C2000FFE7FFE7FFE79DF8050002B080BD00BFBA
:101C300081B000208DF8030042F21C00C4F20200C3
:101C400000688007002804D5FFE701208DF8030015
:101C500003E000208DF80300FFE79DF8030001B0CA
:101C6000704700BF80B584B00390029104208DF8C6
:101C70000700002000904FF40050FFF79DFE8DF804
:101C800007009DF80700042838D1FFE742F2100151
:101C9000C4F20201086840F001000860029803994C
:101CA00008804FF40050FFF787FE8DF807009DF87D
:101CB0000700042817D1FFE7039802300090BDF811
:101CC0000A00009908804FF40050FFF775FE8DF868
:101CD000070042F21001C4F20201086841F6FE72E8
:101CE0001040086009E042F21001C4F202010868E5
:101CF00041F6FE7210400860FFE7FFE79DF807001D
:101D000004B080BD80B584B00390ADF80A10042003
:101D10008DF809004FF40050FFF74EFE8DF80900D2
:101D20009DF8090004281AD1FFE742F21001C4F21D
:101D300002010191086840F001000860BDF80A0046
:101D4000039908804FF40050FFF736FE01998DF893
:101D50000900086841F6FE7210400860FFE79DF830
:101D6000090004B080BD00BF80B582B001908DF83D
:101D7000031004208DF802004FF40050FFF71CFE02
:101D80008DF802009DF80200042830D1FFE742F2EE
:101D90000801C4F2020140F22310C4F26750086047
:101DA00048F6AB10CCF6EF50086042F21001C4F2D6
:101DB0000201086840F0100008609DF803000199D6
:101DC00008804FF40050FFF7F7FD8DF802009DF8F2
:101DD000020005280AD0FFE742F21001C4F2020116
:101DE000086841F6EF7210400860FFE7FFE79DF8D2
:101DF000020002B080BD00BF80B584B003904FF6F2
:101E0000FF70ADF80A00ADF80800ADF80600ADF8B7
:101E1000040004208DF803000398C04303909DF84C
:101E20000C00ADF80A009DF80D00ADF808009DF813
:101E30000E00ADF806009DF80F00ADF804004FF459
:101E40000050FFF7B9FD8DF803009DF8030004284A
:101E500040F08280FFE742F20801C4F2020140F242
:101E60002310C4F26750086048F6AB10CCF6EF5070
:101E7000086042F21001C4F20201086840F010004C
:101E80000860BDF80A00FF280ED0FFE7BDF80A0081
:101E90004FF60801C1F6FF7108804FF40050FFF7BC
:101EA0008BFD8DF80300FFE79DF80300042813D194
:101EB000FFE7BDF80800FF280ED0FFE7BDF80800D7
:101EC0004FF60A01C1F6FF7108804FF40050FFF78A
:101ED00073FD8DF80300FFE79DF80300042813D17C
:101EE000FFE7BDF80600FF280ED0FFE7BDF80600AB
:101EF0004FF60C01C1F6FF7108804FF40050FFF758
:101F00005BFD8DF80300FFE79DF80300042813D163
:101F1000FFE7BDF80400FF280ED0FFE7BDF804007E
:101F20004FF60E01C1F6FF7108804FF40050FFF725
:101F300043FD8DF80300FFE79DF8030005280AD054
:101F4000FFE742F21001C4F20201086841F6EF72A5
:101F500010400860FFE7FFE79DF8030004B080BD74
:101F600080B582B08DF8070004208DF806004FF48C
:101F70003020FFF721FD8DF806009DF806000428AB
:101F80006BD1FFE742F20801C4F2020140F22310D4
:101F9000C4F26750086048F6AB10CCF6EF5008600A
:101FA00042F21001C4F20201086840F0200008600B
:101FB000086840F0400008604FF43020FFF7FCFC58
:101FC0008DF806009DF80600042835D1FFE742F29F
:101FD0001001C4F20201086841F6DF721040086087
:101FE000086840F0100008609DF8070038B1FFE76E
:101FF0004FF60001C1F6FF710020088006E04FF6A1
:102000000001C1F6FF71A5200880FFE74FF43020E2
:10201000FFF7D2FC8DF806009DF8060005280AD0CF
:10202000FFE742F21001C4F20201086841F6EF72C4
:1020300010400860FFE70FE09DF8060005280AD071
:10204000FFE742F21001C4F20201086841F6DF72B4
:1020500010400860FFE7FFE7FFE79DF8060002B0C9
:1020600080BD00BF80B582B0ADF80600ADF80410A9
:10207000ADF8022004208DF8010042F20801C4F2FC
:10208000020140F22310C4F26750086048F6AB101A
:10209000CCF6EF5008604FF40050FFF78DFC8DF840
:1020A00001009DF8010004282DD1FFE742F2100144
:1020B000C4F20201086840F010000860BDF8061084
:1020C000BDF80420BDF802001043084340F0F800BA
:1020D0004FF60201C1F6FF7108804FF40050FFF780
:1020E0006BFC8DF801009DF8010005280AD0FFE780
:1020F00042F21001C4F20201086841F6EF7210408A
:102100000860FFE7FFE79DF8010002B080BD00BF57
:1021100042F21C00C4F2020000688008704700BF51
:1021200042F22000C4F202000068704781B0002033
:102130008DF8030042F20000C4F20200006880063D
:10214000002804D5FFE701208DF8030003E00020FC
:102150008DF80300FFE79DF8030001B0704700BF52
:1021600082B001908DF803109DF8030048B1FFE79D
:10217000019A42F21001C4F202010868104308609B
:1021800008E0019A42F21001C4F20201086890438B
:102190000860FFE702B0704782B0019000208DF820
:1021A00003000198012811D1FFE742F21C00C4F29C
:1021B00002000068C00720B1FFE701208DF803008E
:1021C00003E000208DF80300FFE711E042F20C006D
:1021D000C4F2020000680199084204D0FFE7012020
:1021E0008DF8030003E000208DF80300FFE7FFE710
:1021F0009DF8030002B0704781B00090009842F251
:102200000C01C4F20201086001B0704781B00420E3
:102210008DF8030042F20C00C4F202000068C0070F
:1022200020B1FFE701208DF803001FE042F20C000F
:10223000C4F2020000684007002804D5FFE702202E
:102240008DF8030011E042F20C00C4F202000068B5
:10225000C006002804D5FFE703208DF8030003E043
:1022600004208DF80300FFE7FFE7FFE79DF8030078
:1022700001B0704781B004208DF8030042F20C00D9
:10228000C4F202000068C00720B1FFE701208DF80A
:1022900003001FE042F20C00C4F202000068400795
:1022A000002804D5FFE702208DF8030011E042F278
:1022B0000C00C4F202000068C006002804D5FFE745
:1022C00003208DF8030003E004208DF80300FFE7EE
:1022D000FFE7FFE79DF8030001B070474EF6FC51A1
:1022E000CEF20001086840F08070086041F2000101
:1022F000CEF20001086840F001000860704700BF9E
:1023000080B584B0039041F20400CEF20000006872
:102310000290039840F20401C2F2000109684DF6F0
:102320008362C4F21B32A1FB0221890C4843019055
:10233000FFE7029841F20401CEF20001096800F0C3
:1023400007F80199884201D2FFE7F2E704B080BDA7
:1023500082B00190009100980199401A02B0704734
:1023600080B584B0039041F20400CEF20000006812
:102370000290039840F20401C2F20001096844F699
:10238000D352C1F26202A1FB0221890948430190A4
:10239000FFE7029841F20401CEF200010968FFF75D
:1023A000D7FF0199884201D2FFE7F2E704B080BD70
:1023B00041F21801C4F20201086840F00800086008
:1023C0000421C4F20101086840F00070086040F682
:1023D0001043C4F201030220186040F60041C4F229
:1023E000010108684FF0080C6CF30710086040F614
:1023F0001442C4F201024020106008686CF31B60B4
:1024000008600420106008686CF30B20086020202E
:10241000106008686CF317500860C2F800C00868C4
:102420006CF30F3008601020106008686CF31340E4
:102430000860012010600868032262F3030008604E
:1024400080201860086862F31F700860704700BF42
:1024500080B582B040F60840C4F201000068C0F3C5
:10246000400001901E20FFF77BFF9DF8040002B0A2
:1024700080BD00BF40F60840C4F201000068C0F310
:102480008010704740F60840C4F201000068C0F3B5
:102490008000704740F60840C4F201000068C0F3B5
:1024A0004010704740F60840C4F201000068C0F3D5
:1024B000C000704740F60840C4F201000068C0F355
:1024C0000010704740F29E00C2F200000078704792
:1024D00081B000900098B0FA80F041090120884056
:1024E00040F61041C4F20101086001B0704700BF1E
:1024F00081B000900098B0FA80F040090001C11D41
:102500000120884040F61041C4F20101086001B08A
:102510007047000080B541F21803C4F20203186846
:1025200040F00500186040F6000CC4F2010CDCF825
:1025300000000B2161F31750CCF80000DCF800001C
:1025400061F31F70CCF8000040F61001C4F20101E5
:1025500004200860DCF800204FF0030E6EF30B221D
:10256000CCF8002010220A60DCF800206EF3134241
:10257000CCF8002008220A60DCF800206EF30F324D
:10258000CCF800201A6842F480521A60086043F2C6
:102590000001C4F20101088840F01000088008889A
:1025A00040F002000880088840F001000880088898
:1025B00020F400600880088820F0800008800888E7
:1025C00040F440700880088840F0040008800888C3
:1025D00040F04000088080BD80B582B0ADF80600B4
:1025E00040F61001C4F2010100914FF48020086010
:1025F000BDF8060043F20C01C4F20101088001207D
:10260000FFF77EFE009904200860FFE743F2080010
:10261000C4F2010000888007002801D4FFE7F5E735
:1026200002B080BD80B582B08DF807009DF807002C
:10263000FFF7D2FF02B080BD80B582B08DF80700F1
:1026400040F61001C4F2010100914FF480100860BF
:102650009DF80700FFF7C0FF00991020086002B046
:1026600080BD00BF80B582B08DF807008DF80610E0
:102670009DF80700FFF7E0FF9DF80600FFF7D2FF87
:1026800002B080BD80B582B040F61001C4F20101F5
:1026900001914FF4002008609620FFF731FE019968
:1026A0000820086002B080BD80B586B0FFF732FF19
:1026B000FFF7E8FFFD2003901221FFF7D3FFAE20C4
:1026C000FFF7BAFFB3209121FFF7CCFFCA203F21CB
:1026D000FFF7C8FFA220049000210191FFF7C2FF7D
:1026E0000199A120FFF7BEFFA02002901421FFF75F
:1026F000B9FF1120FFF796FFAB200121FFF7B2FFD2
:102700000299B420FFF7AEFF0398FFF78BFF41F269
:10271000A900C2F200008178C120FFF7A3FFC72003
:102720000F210591FFF79EFFB920FFF785FFB1202C
:10273000E221FFF797FF0499D120FFF793FF2020B4
:10274000FFF770FF0599BB20FFF78CFFB62008212B
:10275000FFF788FFBE200721FFF784FFA620FFF7C1
:102760006BFFA920FFF768FF00F006F8AF20FFF726
:1027700063FF06B080BD00BF80B584B01520FFF7B1
:102780005BFF00200190FFF74DFF7720FFF74AFF26
:102790007520FFF751FF0198FFF744FF7F20FFF7F7
:1027A00041FF5C20FFF748FF01980390FFE7039883
:1027B0007F2814DCFFE700200290FFE702987728CB
:1027C00008DCFFE70020FFF72DFFFFE7029801304C
:1027D0000290F3E7FFE7039801300390E7E704B0C6
:1027E00080BD00BF80B582B08DF807009DF807005E
:1027F00000F03F008DF807007520FFF71DFF9DF8E2
:102800000700FFF70FFF3F20FFF70CFF02B080BD6E
:1028100080B582B08DF807009DF8070000F03F00FA
:102820008DF807001520FFF707FF9DF807001C3003
:10283000C0B2FFF7F7FE5B20FFF7F4FE02B080BDE9
:1028400080B586B08DF817009DF8170000F0800065
:102850008DF816009DF8170000F04000C0088DF8B4
:1028600015009DF8170000F0200080008DF814007E
:102870009DF8170000F0100040088DF813009DF837
:10288000170000F0080000018DF812009DF81700F5
:1028900000F0040040008DF811009DF8170000F0D2
:1028A000020080018DF810009DF8170000F0010073
:1028B000C0008DF80F009DF8161041EA510040EA63
:1028C000910040EAD1008DF80E009DF8151041EA04
:1028D000510040EA910040EAD1008DF80D009DF8CA
:1028E000141041EA510040EA910040EAD1008DF80D
:1028F0000C009DF8131041EA510040EA910040EAB3
:10290000D1008DF80B009DF8121041EA510040EA09
:10291000910040EAD1008DF80A009DF8111041EABB
:10292000510040EA910040EAD1008DF809009DF87D
:10293000101041EA510040EA910040EAD1008DF8C0
:1029400008009DF80F1041EA510040EA910040EA6A
:10295000D1008DF807009DF80E009DF80D1008437A
:102960008DF806009DF80C009DF80B1008438DF8BB
:1029700005009DF80A009DF8091008438DF8040031
:102980009DF808009DF8071008438DF803009DF896
:102990000600FFF747FE9DF80500FFF743FE9DF890
:1029A0000400FFF73FFE9DF80300FFF73BFE06B073
:1029B00080BD00BF80B588B0ADF81E00ADF81C101A
:1029C0008DF81B2005939DF81B0001280DD1FFE712
:1029D000059801784FF60060CFF6FF7000EB01100C
:1029E000ADF812001020039009E0059801781A2034
:1029F0004143A1F55071ADF812100390FFE700209C
:102A00000290FFE70298039988424CDAFFE79DF8AD
:102A10001B00012816D1FFE7BDF8120002990144FE
:102A200048F2D800C0F6000000EB410149788DF86B
:102A30000710BDF81210029A114430F811008DF8F9
:102A4000060015E0BDF812000299014445F2583025
:102A5000C0F6000000EB410149788DF80710BDF881
:102A60001210029A114430F811008DF80600FFE7A9
:102A7000BDF81C0002990844C0B2FFF7B3FE9DF8F0
:102A80001E00FFF7C5FE5C20FFF7D6FD9DF807008E
:102A9000FFF7D6FE9DF80600FFF7D2FEFFE702988B
:102AA00001300290AEE708B080BD00BF80B584B0B1
:102AB000ADF80E00ADF80C108DF80B200193FFE778
:102AC0000198007850B3FFE701980078812812DB65
:102AD000FFE7BDF80E00BDF80C109DF80B20019B20
:102AE000FFF768FFBDF80E000430ADF80E00019846
:102AF0000230019011E0BDF80E00BDF80C109DF8F9
:102B00000B20019BFFF756FFBDF80E000530ADF816
:102B10000E00019801300190FFE7D1E704B080BDBD
:102B200080B582B08DF807008DF806108DF805206D
:102B30009DF80500202805DBFFE79DF805007F28AC
:102B400004DBFFE720208DF80500FFE71520FFF7E5
:102B500073FD9DF80700FFF765FD9DF80700053040
:102B6000C0B2FFF75FFD7520FFF766FD9DF8060018
:102B7000FFF758FD9DF806000730C0B2FFF752FD81
:102B80005C20FFF759FD00200090FFE70098072820
:102B900015DCFFE79DF8050000EB400148F6C47026
:102BA000C0F6000000EB41000099084410F8C00C8A
:102BB000FFF738FDFFE7009801300090E6E702B02C
:102BC00080BD00BF80B582B08DF807008DF806107B
:102BD0000092FFE70098007888B1FFE79DF80700B2
:102BE0009DF80610009A1278FFF79AFF9DF80700EB
:102BF00006308DF80700009801300090EAE702B037
:102C000080BD00BF80B586B0ADF81600ADF81410D9
:102C10008DF813209DF81300202805DBFFE79DF8B1
:102C200013007F2804DBFFE720208DF81300FFE767
:102C300000200390FFE70398072836DCFFE7002019
:102C40000290FFE7029805282ADCFFE79DF81300B1
:102C500000EB400148F6C470C0F6000000EB4100F4
:102C60000299084410F8C00C8DF807009DF8070081
:102C70000399C840C00770B1FFE7BDF8160002997C
:102C80000844BDF81410039A114480B289B20F228F
:102C900000F00EF8FFE7FFE7029801300290D1E75D
:102CA000FFE7039801300390C5E706B080BD00BF81
:102CB00082B0ADF80600ADF804108DF80320BDF821
:102CC0000600FF2805DCFFE7BDF80400402801DB13
:102CD000FFE72AE0BDF80400C001BDF8061000EBD4
:102CE0005100ADF800009DF80600C00778B9FFE775
:102CF000BDF8002040F2A901C2F20001885C00F09A
:102D00000F009DF8033040EA031088540DE0BDF831
:102D1000002040F2A901C2F20001885C00F0F0003E
:102D20009DF8033018438854FFE702B0704700BF96
:102D300080B582B0ADF80600ADF804100092FFE750
:102D40000098007888B1FFE7BDF80600BDF80410D0
:102D5000009A1278FFF756FFBDF806000630ADF86E
:102D60000600009801300090EAE702B080BD00BF85
:102D700081B000200090FFE70098B0F5805F0CDA8A
:102D8000FFE7009A40F2A901C2F200010020885436
:102D9000FFE7009801300090EEE701B0704700BFF8
:102DA00080B582B08DF807008DF806101520FFF76A
:102DB00043FC2520FFF736FC5B20FFF733FC752032
:102DC000FFF73AFC9DF80700FFF72CFC9DF8060082
:102DD000FFF728FC5C20FFF72FFC00200090FFE7A6
:102DE0000098B0F5805F0DDAFFE7009940F2A90086
:102DF000C2F20000405CFFF715FCFFE700980130CD
:102E00000090EDE702B080BD82B08DF80700002091
:102E10000090FFE70098B0F5805F0DDAFFE79DF8BE
:102E20000700009A40F2A901C2F200018854FFE7AE
:102E3000009801300090EDE702B0704780B584B093
:102E4000039000200090FFF7CDFC0098FFF7E0FC16
:102E50005C20FFF7F1FB00980290FFE702983F2803
:102E600019DCFFE700200190FFE701981F280DDC27
:102E7000FFE70398029A019901EB4211405CFFF7CA
:102E8000DFFCFFE7019801300190EEE7FFE70298D1
:102E900001300290E2E704B080BD00BF80B588B089
:102EA00000200090FFF79EFC0098FFF7B1FC5C202B
:102EB000FFF7C2FB00988DF81F000690FFE7069809
:102EC0001F2829DCFFE700200590FFE705980F2861
:102ED0001ADCFFE700200490FFE70498072809DCCC
:102EE000FFE79DF81F00FFF79DFBFFE70498013007
:102EF0000490F2E79DF81F0011308DF81F00FFE7E6
:102F0000059801300590E1E700208DF81F00FFE7EC
:102F1000069801300690D2E7FF208DF81F000020B0
:102F20000390FFE703981F2829DCFFE700200290A9
:102F3000FFE702980F281ADCFFE700200190FFE767
:102F40000198072809DCFFE79DF81F00FFF76AFBDF
:102F5000FFE7019801300190F2E79DF81F0011385A
:102F60008DF81F00FFE7029801300290E1E7FF2093
:102F70008DF81F00FFE7039801300390D2E708B0F7
:102F800080BD00BF80B588B055208DF8100041206D
:102F90008DF8110052208DF8120054208DF8130086
:102FA0003A208DF8140020208DF8150041F2B5006C
:102FB000C2F200000190007804A90291063100F0ED
:102FC0001BF8019802994078093100F015F8019832
:102FD000029980780C3100F00FF8029A00210391D9
:102FE0008DF81F100846FFF7A3FE03981F21FFF777
:102FF000D7FE08B080BD00BF82B08DF807000091F9
:103000009DF80700010949F2F810C0F60000415C84
:10301000009A11709DF8071001F00F01405C0099B3
:10302000487000992020887002B0704780B541F246
:103030000002C4F20202106840F00100106041F288
:103040000401C4F2020108680023CFF6FF03184010
:10305000086010684FF6FF73CFF6F66318401060F3
:10306000106820F480201060086820F4FE000860DA
:1030700041F20801C4F202014FF41F00086000F0A1
:1030800009F84EF60851CEF200014FF000600860DA
:1030900080BD00BF80B500F093F880BD84B00020F3
:1030A00003900290019041F20400C4F20200006813
:1030B00000F00C0003900398009040B1FFE70098E7
:1030C00004280ED0FFE70098082814D056E040F2FC
:1030D0000401C2F2000141F20020C0F27A0008604F
:1030E00056E040F20401C2F2000141F20020C0F2B9
:1030F0007A0008604CE041F20400C4F2020001686A
:1031000001F470110291006800F48030019002997E
:10311000022000EB91400290019860B9FFE702980D
:1031200040F60011C0F23D01484340F20401C2F2F2
:103130000001086021E041F20400C4F202000068CE
:10314000800300280CD5FFE7029840F60011C0F27A
:103150003D01484340F20401C2F2000108600BE067
:10316000029841F20021C0F27A01484340F2040182
:10317000C2F200010860FFE7FFE709E040F2040146
:10318000C2F2000141F20020C0F27A000860FFE7BD
:1031900041F20400C4F202000068C0B2010945F225
:1031A0004830C0F60000405C0390039A40F20401EE
:1031B000C2F200010868D040086004B0704700BF48
:1031C00084B000200390029041F20001C4F2020199
:1031D000086840F480300860FFE741F20000C4F264
:1031E0000200006800F40030029003980130039060
:1031F000FFE702990020019039B9FFE70398B0F585
:10320000A06018BF01200190FFE70198C0070028C7
:10321000E3D1FFE741F20000C4F20200006880033E
:10322000002803D5FFE70120029002E00020029071
:10323000FFE70298012851D1FFE742F20001C4F2F2
:103240000201086840F010000860086820F00300E0
:103250000860086840F00200086041F20401C4F20E
:10326000020100910868086008680860086840F476
:1032700080600860086820F47C100860086840F4EA
:10328000E810086041F20001C4F20201086840F051
:1032900080700860FFE741F20000C4F2020000689D
:1032A0008001002801D4FFE7F5E741F20401C4F2F0
:1032B0000201086820F003000860086840F002007E
:1032C0000860FFE741F20400C4F20200006800F069
:1032D0000C00082801D0FFE7F4E700E0FFE704B0A6
:1032E0007047000080B582B041F21801C4F20201BB
:1032F000086840F00400086040F6100CC4F2010CAD
:103300000120CCF8000040F60002C4F2010211686E
:10331000082363F3030111600221CCF80010116847
:1033200063F3071111604021CCF80010116863F3BA
:103330001B61116041F21C01C4F2020108601822F5
:10334000C4F2000240F2011111802023C4F20003F4
:10335000222119800823C4F20003032119802C23A1
:10336000C4F20003198011884FF2F0031943118051
:103370004FF080410A884FF67F731A430A80088015
:103380000821C4F201010868086040F20041C4F25B
:103390000101086840F04000086040F20C41C4F2AE
:1033A0000101086840F0400008601720019000F01B
:1033B00011F801980F2100F01FF80C21C4F2000150
:1033C000088840F0010008801C2000F003F802B0DB
:1033D00080BD00BF81B08DF803009DF9031001F09E
:1033E0001F02012090404A094EF20011CEF2000166
:1033F00041F8220001B0704782B08DF807000091BB
:103400009DF90700B0F1FF3F0CDCFFE700980001D9
:103410009DF8071001F00F014EF61452CEF2000293
:10342000885409E0009800019DF907104EF200420F
:10343000CEF200028854FFE702B070472420C4F2A5
:1034400000000088704700BF4FF08040008800F007
:103450001001012080EA11107047000041F21801AC
:10346000C4F20201086840F00400086040F614034A
:10347000C4F201034FF48070186040F60401C4F2F6
:1034800001010868032262F3030008604FF4007032
:103490001860086862F3071008604FF480601860D5
:1034A000086862F30B2008604FF4805018600868C9
:1034B00062F3134008604FF400601860086862F31C
:1034C0000F300860704700BF81B000900098000185
:1034D00000F10A010120884040F61001C4F2010108
:1034E000086001B0704700BF81B0009000980001F3
:1034F00000F10C010120884040F61001C4F20101E6
:10350000086001B0704700BF81B0009000980001D2
:1035100000F10B010120884040F61001C4F20101C6
:10352000086001B0704700BF81B0009000980001B2
:1035300000F108010120884040F61001C4F20101A9
:10354000086001B0704700BF81B000900098000192
:1035500000F109010120884040F61001C4F2010188
:10356000086001B07047000080B582B041F21801D8
:10357000C4F20201086844F204021043086040F6F5
:103580000401C4F20101086820F470600860086852
:1035900040F40060086043F60801C4F2010140F203
:1035A0007120088043F60C01C4F20101088820F460
:1035B0008050088043F61002C4F20102108820F403
:1035C00040501080088820F480600880088842F20B
:1035D000040210430880088840F02000088025205D
:1035E000019000F007F80198002100F015F802B0F2
:1035F00080BD00BF81B08DF803009DF9031001F07C
:103600001F02012090404A094EF20011CEF2000143
:1036100041F8220001B0704782B08DF80700009198
:103620009DF90700B0F1FF3F0CDCFFE700980001B7
:103630009DF8071001F00F014EF61452CEF2000271
:10364000885409E0009800019DF907104EF20042ED
:10365000CEF200028854FFE702B0704782B00090BB
:1036600043F60000C4F201000088800600280BD554
:10367000FFE743F60400C4F20100008800990870D7
:1036800001208DF8070003E000208DF80700FFE718
:103690009DF8070002B0704740F29E00C2F20000A1
:1036A0000078704781B043F60000C4F20100008842
:1036B0008006002831D5FFE743F60400C4F201007C
:1036C00000888DF803009DF8031040F27A00C2F2E2
:1036D000000003785A1C027041F2B502C2F20002E7
:1036E000D1540078032817DBFFE740F27A01C2F2D9
:1036F00000010020087040F2A801C2F20001012080
:10370000087041F2B500C2F20000407840F29E011C
:10371000C2F200010870FFE7FFE701B07047000048
:1037200082B040F22441C4F20001088801900020D8
:103730000880019842F21D5188421FD3FFE701988B
:1037400042F63B01884219D8FFE740F29D00C2F2E1
:103750000000007890B9FFE740F28801C2F2000152
:1037600008880130088040F62400C4F20000008878
:1037700040F29601C2F200010880FFE740F29D008E
:10378000C2F2000000780146009120B1FFE70098E6
:1037900001283DD08CE00198B0F5966F18D9FFE76D
:1037A000019840F2DB51884212D8FFE740F29D01B8
:1037B000C2F200010120087040F28C01C2F2000147
:1037C0000020087040F29001C2F20001086076E02B
:1037D000019840F21B41884219D3FFE7019840F25B
:1037E0009B41884213D8FFE740F29901C2F20001E1
:1037F000EE20087040F29801C2F20001012008702A
:1038000040F29D01C2F2000100200870FFE756E07F
:103810000198502805D3FFE70198B0F58C7F07D9B0
:10382000FFE740F29D01C2F200010020087046E06F
:1038300040F29001C2F20001086840080860019857
:10384000A12809D3FFE740F29001C2F20001086805
:1038500040F000400860FFE740F28C00C2F2000038
:103860000178013101700078202820DBFFE740F269
:103870009000C2F20000026840F29901C2F2000119
:103880000A700268120A4A700268120C8A70006894
:10389000000EC87040F29801C2F2000101200870C9
:1038A00040F29D01C2F2000100200870FFE706E02F
:1038B00040F29D01C2F2000100200870FFE702B053
:1038C000704700BF83B0019040F29800C2F2000040
:1038D0000078F0B1FFE740F29801C2F20001002049
:1038E00008700090FFE7009803280EDCFFE70099BE
:1038F00040F29900C2F20000405C0199009A88549D
:10390000FFE7009801300090EDE701208DF80B00F3
:1039100003E000208DF80B00FFE79DF80B0003B0DB
:10392000704700000FB41CB5084B06AA7B446946DB
:103930000090059800F0C7F804460020694600F0A2
:10394000D5F820461CBC5DF814FB0000BD0100004A
:1039500070477047704770B5044685690068C106B6
:1039600001D5302600E02026C00707D070BDD4E97D
:10397000012130469047206A401C20626D1EF6D51A
:1039800070BD70B5044685690078C00707D170BD69
:10399000D4E9012120209047206A401C20626D1E3E
:1039A000F6D570BD09684A0501D540B27047C90512
:1039B000FCD500B2704709684A0501D5C0B270470E
:1039C000C905FCD580B2704770B50C460546012A82
:1039D00005D02878800600D5EA69002302E001239B
:1039E00005E05B1C934202D2E05C0028F9D1A86993
:1039F000E618C01AA861286A184428622846FFF70A
:103A0000AAFF04E0D5E9012114F8010B9047B44264
:103A1000F8D32846FFF7B5FF70BD00002DE9F0414F
:103A20000646002410687529314616A510D0FFF708
:103A3000B9FF002802DA404213A507E031688A077F
:103A400001D512A502E0490704D511A5012401E022
:103A5000FFF7B1FF00210A2206F1240709E0B0FBBD
:103A6000F2FCB0FBF2F302FB1C0030307854184635
:103A7000491C0028F3D123462A463046BDE8F041D0
:103A800000F061BA000000002D0000002B000000D3
:103A90002000000011680268006A530501D5087013
:103AA0000AE0D30501D5088006E0130603D5C21746
:103AB000C1E9000200E008600120704701694A1C6A
:103AC00002610878704700B58FB0CDE9013100215F
:103AD000059105497944CDE903101146684600F087
:103AE00029F90FB000BD0000E5FFFFFF0A6802F8EA
:103AF000010B0A60704700002DE9FF5F15468A46FA
:103B00000446DFF8AC80F8440027D8E900103E46B0
:103B1000CDE9001010E03AF816106A4602A800F04D
:103B200023FE411C07D02178890603D5E2693918A4
:103B300091420DD80744761C2078800602D5E069B2
:103B4000B84205DDAE42E6DB3AF816000028E2D1C5
:103B5000A069C01BA0612046FFF7FDFED8E9001058
:103B6000CDE90010002017E03AF818106A4602A8C4
:103B700000F0FAFDB0F1FF3F81460BD000250DF1BA
:103B8000080B05E0D4E901211BF8050090476D1CE6
:103B90004D45F7D308F10100B0428046E4DB206ACE
:103BA000384420622046FFF7ECFEBDE8FF9F00008E
:103BB000421700002DE9F0418046D21D22F0070295
:103BC0000025D2E90002F52915A614D0011E72F1D4
:103BD000000106DA0023D0EB030063EB020211A61A
:103BE00008E0D8F800108B0701D50FA602E04907BE
:103BF00001D50EA601251146002408F1240704E092
:103C000000F05CF930323A55641C50EA0102F7D1F9
:103C10002B46324621464046BDE8F04100F093B9BC
:103C2000000000002D0000002B000000200000001C
:103C300030B4002100F1240408E002F00705D208A6
:103C4000303542EA4372DB086554491C52EA0305E9
:103C5000F3D10468002310A2250708D504F020043E
:103C60000C4304D0C46901230CA2641EC46130BC9F
:103C700000F069B910B5044621461068FFF79BFEB5
:103C800002462046BDE810400023D1E7D21D22F0B5
:103C90000701D1E90023CBE700000000300000005D
:103CA000F0B40D460188090502D5214C7C4402E0A0
:103CB0001F4C7C440E34002100F1240608E002F081
:103CC0000F071209E75D42EA03721B097754491C8A
:103CD00052EA0307F3D102780023120704D5702DAE
:103CE00006D009B1022311342246F0BC00F02BB9F2
:103CF00001231034F8E770B504460D4621461068DC
:103D0000FFF759FE024629462046BDE870400023D1
:103D1000C6E7D21D22F00703D3E90023C0E70368FA
:103D2000126843F0200303600823C3610023B7E750
:103D3000A41500002DE9F05F894604464FF0000A03
:103D4000DFF874B1FB44C0F820A02046E168884742
:103D5000002874D0252806D0D4E901219047206A94
:103D6000401C2062F1E700265F462046E168884754
:103D70002028054607DB312D05D2781910F8200CD4
:103D800008B10643F1E7B00701D526F00406C4F8F0
:103D90001CA00027C4F818A02A2D09D0284601F03D
:103DA0001DFA38B304EB8708303DC8F8185019E005
:103DB00059F8041B204604EB87029161E1688847AB
:103DC000012F054618D1E069002820DA26F02006E8
:103DD0001DE0D8F8180000EB800005EB40003038FB
:103DE000C8F818002046E1688847054601F0F6F952
:103DF0000028EED1012F0AD02E2D08D12046E168EF
:103E000088477F1C0546022F46F02006C4DBA069C8
:103E1000002803DA404246F00106A061F00701D015
:103E200026F010066C2D0BD0682D09D04C2D39D002
:103E30006A2D35D0742D35D07A2D33D016E038E088
:103E4000E1682F4620468847B842054609D16C2FC5
:103E500026D04FF48060E168064320468847054637
:103E600004E06C2F1AD04FF4807006430DB3A5F117
:103E70004100192802D8203546F400664A462946F2
:103E8000204626604E46FCF76BF980B101280BD026
:103E9000F61D26F0070000F1080956E74020E4E788
:103EA0008020D8E70020D6E706F104094DE7284630
:103EB00052E7206ABDE8F09F3415000030B5B0F13C
:103EC0000A0271F100034FEA900E4EEA817EB0EBD8
:103ED0000E0061EB91014FEA101E4EEA017E10EBDD
:103EE0000E0041EB11114FEA102E4EEA016E10EB5D
:103EF0000E0041EB11214FEA104E4EEA014E10EB3D
:103F00000E0041EB1141401841F100014FEAD00091
:103F100040EA41704FEAD1014FEA810444EA9074CB
:103F200010EB800544EB01046D1944EB0404521BB3
:103F3000A3414FF0000348BF0A3200D530BD401CFA
:103F400041F1000130BD2DE9F0470D4699469246FA
:103F5000044600F124080168880604D5E06921F0D0
:103F60001001216000E00120A84201DD471B00E0B4
:103F70000027A1697A1902EB0900081AA0612078CC
:103F8000C00602D42046FFF7E6FC002608E0D4E98C
:103F900001211AF806009047206A401C761C206216
:103FA0004E45F4DB2078C0060AD52046FFF7D3FC47
:103FB00006E0D4E9012130209047206A401C2062AD
:103FC000381EA7F10107F4DC07E0D4E9012118F855
:103FD00005009047206A401C2062281EA5F10105BB
:103FE000F3DC2046FFF7CDFC2078000602D5022046
:103FF000BDE8F0870120FBE72DE9FF4F0C461E4688
:104000004FF0FF378BB0D2E90001DDF860800A90F5
:104010008A46C1F30A5505B93D46002108464FF0CE
:104020000000BAF1000F00F4400005DA00EB800058
:104030004FF4400101EA50004FEA9059B9F1010FE5
:1040400000DDB9460A9850EA4A000ED044F61050F6
:10405000A5F2FF3545432F14B8F1000F1ED075426D
:10406000291E1EDDC9F100021CE0B8F1010F4FF05E
:10407000000001D0302103E0F24305E02154401C50
:10408000B042FBDB30460022002121540B99C1F8DD
:104090000880C1E900200FB0BDE8F08FBD1B6D1C8A
:1040A000DEE74A4600DA694206A800F0F3FB06ABF9
:1040B00093E8070003AB83E8070050460A9900F035
:1040C000B0FC8DE80700A0F500501F380090039861
:1040D000002D0ADD42F21F014A460844002303A9CD
:1040E0000390684600F01AFF09E0A0F500504A4628
:1040F0001F38002303A90390684600F024FF8DE8D1
:1041000007000004000C03D04FF0FF30410800E02E
:104110001046B8F1000F03D00022009215461EE0B1
:10412000751E05D4FFF7CAFE303262556D1EF9D5F3
:10413000B3460122084302D000227F1C04E020780D
:10414000302801D100227F1E002A099784D01DE06B
:10415000112D07DAFFF7B2FE303262556D1C50EABE
:104160000102F5D1084302D00098C8B10EE0002149
:10417000681E05E0235C625C63542254401E491CA7
:104180008142F7DBAB46A81B401E0990002004F8D3
:104190000B000B98099AC0F80880C0E9002B7AE759
:1041A00011264FF0000857E72DE9F04F88460446E6
:1041B000D21D22F0070191B0D1E90001CDE90A0139
:1041C00000F0F8FF02460B98C00F01D02D2007E049
:1041D0002068810701D52B2002E0202101EAC000E0
:1041E000032A099001D0072A05DB034641462046F1
:1041F00000F010FB0BE12078800601D5E06900E0BB
:104200000620B8F1650F814606D0B8F1660F18D0C8
:10421000B8F1670F70D131E00020B9F1110F0090B3
:1042200001DB112301E009F101030AAA01A90CA88D
:10423000FFF7E2FEDDE90C70002609F10105834677
:1042400047E001204B4600904FF000470AAA01A921
:104250000CA8FFF7D1FEDDE90DB00C995D460026F4
:1042600010B909F101000D18B9EB050003D4C0F134
:10427000FF3609F10105A5EB09002BE0B9F1010FAB
:1042800001DA4FF001090020B9F1110F0090484602
:1042900001DD112300E003460AAA01A90CA8FFF7DB
:1042A000ABFEDDE90C704D46002683462078000702
:1042B0000AD4AB4500DA5D4601A8012D04DD4119A1
:1042C00011F8011C302907D04F4502DA17F1040F0D
:1042D00004DA012082460FE06D1EEEE7002F02DCBB
:1042E000ED1B3E4403E0781CA84200DD7D1CB81B9A
:1042F00000F1010A4FF000472078000703D4AA45D7
:1043000001DB4FF0FF3A0021B7F1004F0DF14308F8
:104310008DF8431024D002202B23002F01DA7F4296
:104320002D230A21021EA0F1010000DC5FB197FBE2
:10433000F1FC97FBF1F201FB1C7C17460CF1300CF1
:1043400008F801CDEEE7A8F1010003702188090506
:1043500001D5452100E06521A0F1010800F8011C0C
:1043600009980FA9A1EB0807FF1D00B10120411911
:1043700001EBEA70A1693844081A401EA061207858
:10438000C00602D42046FFF7E6FA099828B1D4E91E
:1043900001219047206A401C20622078C00622D567
:1043A0002046FFF7D8FA1EE0002E04DBB34502DDFD
:1043B00001A8805D00E03020D4E901219047206A07
:1043C000401C2062761CAAF101005FEA000A0AD1B3
:1043D00000F01CFAC0680168405CD4E901219047F4
:1043E000206A401C2062281EA5F10105DCDC07E0E4
:1043F000D4E9012118F8010B9047206A401C206283
:10440000381EA7F10107F3DC2046FFF7BAFA0320B4
:1044100011B041E62DE9F04F04460D46D21D22F0C1
:10442000070089B0D0E900974846394600F0C2FE3F
:104430000246F80F01D02D2307E02068810701D53F
:104440002B2302E0202101EAC0038DF820300BB1BC
:10445000012000E00020032A824601D0072A04DB65
:104460002946204600F0D6F93FE12078800601D4A5
:104470000D2500E0E569C7F30A560D2D49DA002144
:104480004FEA175B08464FF00000002F00F4400091
:1044900007DA00EB80004FF4400100EBD07001EA36
:1044A00060008115012901DD4FF0FF3100224FEA44
:1044B000850CBCF1180F06D31346ACF118004FF071
:1044C0008052C24003E04FF4801323FA0CF30CF146
:1044D0000C0CBCF1200F04D3ACF1200C09FA0CF049
:1044E00001E007FA0CF000294FF0004801DD18B98F
:1044F0000FE00ED140450CD319EB02095F4121B901
:10450000404502D19F4329EA0209BBEB175F00D067
:10451000761C2088000502D57B48784402E07A4862
:104520007844193808AA302302F80A30037C0AF1CB
:104530000101002E0AF1020A53546A4602DC4FF0D0
:10454000300101E04FF031014FF001088DF800100B
:1045500002D0A6F2FF3603E059EA470100D06B4EC5
:10456000002D02DC2178090704D54FF002082E2126
:104570008DF80110C44600210BE0C7F303433F014F
:10458000C35C491C6D1E02F80830052908F10108BA
:1045900001DA002DF1DC00210CE000EB1973491C5D
:1045A0001B786D1E082902F808304FEA091908F136
:1045B000010801DA002DF0DC21688B0602D516E037
:1045C000A8F10108E04505DD02EB080313F8013C02
:1045D000302BF5D0B8F1000F09DD02EB080313F81A
:1045E000013C2E2B03D1090701D4A8F10108002DAD
:1045F00005DD3E2102F808106D1E08F10108407C1F
:10460000002E02F8080008F1010804DA2D20764295
:1046100002F8080002E02B2002F808000A214FF4FB
:104620007A70864208F101080BDB96FBF0F3303319
:1046300002F8083096FBF0F308F1010800FB13665E
:1046400001E0642E0CDB642096FBF0F3303302F8BB
:10465000083096FBF0F308F1010800FB136601E057
:104660000A2E06DB96FBF1F0303002F8080008F164
:10467000010896FBF1F001FB1060303002F80800F1
:10468000A16908F1010808EB050202EB0A00081A0B
:10469000A0612078C00602D42046FFF75CF9216AA9
:1046A00008AE01EB0A00206204E0D4E9012116F80B
:1046B000010B9047BAF1010AF7D22078C00602D563
:1046C0002046FFF748F96E4609E016F8010B3E2830
:1046D0000FD0D4E901219047206A401C2062B8F134
:1046E0000108F2D22046FFF74CF909B00320BDE8DB
:1046F000F08F206A2844206203E0D4E901213020B1
:1047000090476D1EEBD3F8E7820D000002FCFFFF1F
:1047100010B5436913B1AFF3008001E0FFF754F91E
:10472000012010BD127800F124010A7000224A70A5
:104730000122EDE711684FF0FF32E9E710B5436958
:1047400013B1AFF3008001E0FFF7D6F9012010BDEF
:10475000128800F1240182840022C2840122EDE744
:1047600011684FF0FF32E9E72DE9F04116460C469B
:10477000054600F043F8036893F80101012807D0CB
:10478000FF2C12D8185D80B101202C70BDE8F0819B
:10479000D3F807013246214603F20713C71828460B
:1047A000BC46BDE8F041002360474FF0FF30EDE725
:1047B000754600F0EBF8AE4605006946534620F01A
:1047C0000700854618B020B5FBF742FDBDE8204044
:1047D0004FF000064FF000074FF000084FF0000BBD
:1047E000AC46ACE8C009ACE8C009ACE8C009ACE82C
:1047F000C00921F007018D467047000010B500F098
:1048000005F8001D10BD00BF110A000000487047E8
:10481000380000202DE9F0411F46044603260168B8
:10482000072A01F4006004DB08B116A505E016A50F
:1048300003E008B115A500E015A521F010002060E7
:10484000A069C01EA0610FB1401EA0612046FFF705
:1048500082F84FB1D4E9012138469047206A401CC4
:104860002062C01C206206E0206AFAE7D4E9012138
:1048700015F8010B9047761EF8D22046FFF781F815
:10488000BDE8F0814E414E006E616E00494E46001B
:10489000696E66002DE9F047814616468AB03548B4
:1048A00078440DC88DE80D0032487844801C03AC74
:1048B0000DC884E80D0041F69B300844372190FB79
:1048C000F1F290FBF1F5A5F1800501FB12041B3C10
:1048D00002D56442012000E00020DFF898A0804665
:1048E0000027FA44AAF1BE0A0EE0E0070AD03246D9
:1048F000684607EB470101230AEB810100F023FB27
:104900008DE8070064107F1C002CEED1194F7F4406
:10491000AE3F19E0E80715D007EB04100DF1180AB7
:1049200090E80E008AE80E00C068F04201D19819A4
:1049300008903246012306A903A800F004FB03AB4C
:1049400083E807006D10641C002DE3D14FF00103D4
:1049500032466946B8F1000F03A802D000F0DEFA33
:1049600001E000F0F0FAC9E90001C9F808200AB036
:10497000BDE8F0878C0A000010B50446AFF3008054
:104980002046BDE81040FBF74EBC000000487047D1
:10499000180000204FF0013C50F8042B51F8043B64
:1049A0009A4221D1A2EB0C03934313EACC1317D103
:1049B00050F8042B51F8043B9A4215D1A2EB0C039A
:1049C000934313EACC130BD150F8042B51F8043B5A
:1049D0009A4209D1A2EB0C03934313EACC13DBD028
:1049E0004FF00000704700BFD01A01BAB1FA81F150
:1049F00001F0180122FA01F0CB40DBB2C0B2C01ABC
:104A0000C1F120012CFA01F3D11A914311EAC3112B
:104A1000E6D1704701491820ABBEFEE72600020030
:104A200070475FEA400C08BF91F0000F4FEA8C23FB
:104A30004FEAC12243EA51514FEA1C5018BF00F51A
:104A4000F0404FEA300018BF41F000415FEA6C5C73
:104A500000F02980BCF1FF3F08BF40F08040704764
:104A6000130C06BF12044FF0100C4FF0000C130E85
:104A700004BF12020CF1080C130F04BF12010CF159
:104A8000040C930F04BF92000CF1020CD30F04BF6F
:104A900052000CF1010C11464FF00002A0F11F0072
:104AA000A0EB0C00704711F0004F08BF704731F0C9
:104AB00000413FF4D5AF0B0C06BF09044FF0100CBA
:104AC0004FF0000C0B0E04BF09020CF1080C0B0F89
:104AD00004BF09010CF1040C8B0F04BF89000CF119
:104AE000020CCB0F04BF49000CF1010CCCF12003E8
:104AF00022FA03F341EA030102FA0CF2A0EB0C00E4
:104B000000F101007047000023F07F4720F07F4C48
:104B100080EA030000F00040ACEB070303F57C5390
:104B200003F1FF032DE9804909B44FEA144324EA55
:104B300003484FEA154B25EA0B4E0FF2042606EB0D
:104B400013273E7803FB0667C7F5000707FB06F649
:104B50004FEAD64606F102064FEA543707FB066CC9
:104B6000CCF1005C4FEA1C472CEA074C0CFB06F525
:104B700007FB06F404EB15464FEA961649085FEA70
:104B8000320234BF00204FF000404FEAD13706FB1D
:104B900007FC4FEA1C4C0CFB0BF7D21B03FB0CF77A
:104BA00061EB07010CFB0EF7B0EB074072EB17420D
:104BB0000CFB08F734BFA2EB0742B2EB074261EBF4
:104BC00017414FEA0C444FEA910706FB07FC4FEAF6
:104BD0001C4C0CFB0BF7B0EBC74072EB573203FBDE
:104BE0000CF734BFA2EBC742B2EBC74261EB5731BF
:104BF0000CFB0EF7B0EBC70072EB57720CFB08F71B
:104C000034BFA2EBC702B2EBC70261EB57714FEAA8
:104C1000816141EA92114FEA826242EA90124FEAC0
:104C2000806004EBCC04039F4FEAD13706FB07FCFE
:104C30004FEA1C4C0CFB0BF7D21B03FB0CF761EB90
:104C400007010CFB0EF7B0EB074072EB17420CFBB1
:104C500008F734BFA2EB0742B2EB074261EB174102
:104C60004FEA8C5504EB9C244FEA910706FB07FCA6
:104C70004FEA1C4C0CFB0BF7B0EBC74072EB573202
:104C800003FB0CF734BFA2EBC742B2EBC74261EBA8
:104C900057310CFB0EF7B0EBC70072EB57720CFBF1
:104CA00008F734BFA2EBC702B2EBC70261EB577142
:104CB0004FEA816141EA92114FEA826242EA901220
:104CC0004FEA806015EB4C2544F100044FEAD137E0
:104CD00006FB07FC4FEA1C4C0CFB0BF7D21B03FB3B
:104CE0000CF761EB07010CFB0EF7B0EB074072EB22
:104CF00017420CFB08F734BFA2EB0742B2EB0742A6
:104D000061EB17414FEA813141EA92414FEA823229
:104D100042EA90424FEA80304FEA0C7615EB1C15C0
:104D200044F1000448EA03434EEA0B484FF0000EFA
:104D3000B2EB080C71EB030724BF624639464EEB19
:104D40000E0E4FF0000B0018524149414BEB0B0B7C
:104D5000B2EB080C71EB03077BF1000B24BF62463A
:104D600039464EEB0E0E4FF0000B001852414941F0
:104D70004BEB0B0BB2EB080C71EB03077BF1000B59
:104D800024BF624639464EEB0E0E51EA020718BFA9
:104D900046F0010616EB0E7655F1000254F10001C3
:104DA00003D5BDE88901BDE80088BDE88901BDE8FB
:104DB0000048B619524141EB0101A3F101037047CC
:104DC00080807F7E7D7C7B7A797877767675747348
:104DD000727171706F6E6E6D6C6C6B6A6A69686807
:104DE000676666656464636362616160605F5F5E9D
:104DF0005E5D5D5C5C5B5B5A5A5959585857575613
:104E00005655555554545353525252515150505077
:104E10004F4F4F4E4E4D4D4D4C4C4C4B4B4B4A4AC9
:104E20004A4949494848484747474746464645450D
:104E30004544444444434343434242424241414146
:104E40009C46002B30D477002BD04FEA37071CB597
:104E500003B44FF010004FF01001BAF1000F06D06C
:104E6000BCF1000FDCBF40F0080040F008014FF03B
:104E700000000FBCBDE810400BF1010BBBF1010FAE
:104E800008BF5FEA170722BF12F1010211F1010109
:104E90004FF0004143F1000300F0004043EA0000FE
:104EA0007047F9D35708D0E746EA06464FEA164658
:104EB00013F1400F1FDD13F1200FDFBF16430A4629
:104EC000002120335B42BED0C3F1200746EA0646EC
:104ED0004FEA164602FA07F746EA070622FA03F2F5
:104EE000C3F1200701FA07F742EA070221FA03F1AA
:104EF0004FF00003A7E746EA020646EA06464FEAF5
:104F0000164646EA0106BCBF46EA0646360C4FF096
:104F100000034FF000024FF0000194E72DE9804CB0
:104F200070B49A46934691E8380007C831EA400CBD
:104F300048BF34EA430C03D5FFF7E6FDFFF780FFD7
:104F4000F0BCBDE8008C2DE9804C70B49A469346C5
:104F500091E8380007C810F0804F08BF13F0804F69
:104F600003D100F005F8FFF76BFFF0BCBDE8008C43
:104F700020F07F4723F07F4C80EA030000F00040E0
:104F800007EB0C03A3F57C53A3F1FE0392F0000F93
:104F900000F0B38095F0000F00F077802DE9014913
:104FA0004FEA114021EA00484FEA144624EA064736
:104FB00000FB06FC08FB06F607FB08F818EB0648A2
:104FC0004CEB164C00FB07F718EB07484CEB17406F
:104FD0004FEA124B22EA0B4E4FEA154625EA0647E6
:104FE0000BFB06FC0EFB06F607FB0EFE1EEB064E49
:104FF0004CEB164C0BFB07F71EEB074E4CEB174B1D
:1050000018EB0B0840F1000018EB0E0B58EB0008F2
:1050100040F100008F1A4FF000014FF000063CBF36
:10502000C943661B14BFB5EB040C00213CBFC94348
:10503000F61B4FEA174427EA04454FEA1C472CEABF
:10504000074C04FB076205FB07F70CFB05F616EBA4
:10505000074642EB174204FB0CFC16EB0C4642EBF6
:105060001C421BEB060658EB020241414EEA8E0E33
:1050700046EA9E0601D5BDE80189B619524141EBC9
:105080000101A3F10103BDE801894FEA144524EAB7
:1050900005464FEA114721EA074C05FB07F406FBDA
:1050A00007F70CFB06F111EB074144EB174405FB36
:1050B0000CFC11EB0C4144EB1C444FEA124722EA72
:1050C000074C05FB07F206FB07F70CFB06F616EB91
:1050D000074642EB174205FB0CFC16EB0C4642EB75
:1050E0001C456A1854F1000148BF7047B619524177
:1050F00041EB0101A3F10103704795F0000F37D098
:105100004FEA114221EA02464FEA144724EA074CCB
:1051100002FB07F106FB07F70CFB06F414EB074450
:1051200041EB174102FB0CFC14EB0C4441EB1C411E
:105130004FEA154725EA074C02FB07F506FB07F780
:105140000CFB06F616EB074645EB174502FB0CFC7D
:1051500016EB0C4645EB1C42121951F1000148BFF9
:105160007047B619524141EB0101A3F101037047A9
:105170004FEA144524EA05464FEA114721EA074C55
:1051800005FB07F106FB07F70CFB06F212EB0742E3
:1051900041EB174105FB0CFC12EB0C4251EB1C419F
:1051A0004FF0000648BF7047921841EB0101A3F190
:1051B00001037047490050EAC12018BF04204A0D7E
:1051C00018BF40F0010040F2FF72B2EB515F08BF20
:1051D00040F00200012808BF0520704730380A2837
:1051E00001D20120704700207047000010B500294F
:1051F0000AD00878002807D005487844FFF7CAFB92
:10520000002801D0002010BD0248784410BD0000E5
:10521000724100006A41000010B500290AD00878E8
:10522000002807D005487844FFF7B4FB002801D0D8
:10523000002010BD0248784410BD0000624100000B
:105240005A410000FEF7B0BFFFF7E4B800000000CD
:1052500000000000303132333435363738394142BE
:1052600043444546403058003031323334353637C8
:105270003839616263646566403078000400000874
:105280000000000000000002000100001030313278
:105290003334353637383961626364656678700057
:1052A000303132333435363738394142434445465C
:1052B0005850000002400000000000A00000000064
:1052C00005400000000000C8000000000C40000085
:1052D0000000409C00000000194000000020BCBEFF
:1052E0000000000034400000BFC91B8E0000000415
:1052F000B5400000504BCFD06607E2CF0100000060
:105300006C4100003E8251AADFEEA734010000008C
:10531000D9420000DCB5A0E23A301F97FFFFFFFF43
:10532000B4450000FD25A0C8E9A3C14FFFFFFFFF62
:10533000FF3F00000000008000000000FF3F000071
:1053400000000080000000000000000000000000DD
:105350000102030406070809000000000000000025
:10536000000000000000000000000000000000003D
:10537000000000000000000000000000000000002D
:10538000000000000000000000000000000000001D
:10539000800000008000000080000000800000000D
:1053A00080000000800000008000000080000000FD
:1053B000800000000000800080000000000000006D
:1053C000000000004A0100004A0100004200000005
:1053D0008400000000000000000000000000000049
:1053E00000000000000000000000000000000000BD
:1053F00000000000000000000000000000000000AD
:1054000000001004000054150000100400001004F7
:10541000000054150000100400000000000000000F
:10542000000000000000000000008000000080007C
:1054300040011004000008080000000800000004FB
:1054400040011000000008000000080800001004DF
:10545000400180000000800000000000000000000B
:10546000000A00008020000082200000080A0000DE
:10547000200000008000000000020000280800005A
:1054800082200000820000002800000000000000D0
:105490000000000040011004000008080000080897
:1054A000000010044001100400000808000004106F
:1054B0000000041000000808020014044801040061
:1054C000000000000000000020000000200000009C
:1054D00000000000000000000000000000000000CC
:1054E00000000000000000000000000000000000BC
:1054F00000000000000000000000000000010004A7
:105500000000000800000010000000200000002043
:105510000000002000000020000000100000000833
:105520000000000400010000000000000000000076
:10553000400010000000080000000400000002000D
:105540000000020000000200000002000000040051
:1055500000000800000010004000000000000000F3
:10556000000000000000000000000000000000003B
:1055700080000000880820028000200288080000C7
:10558000800000000000000000000000000000009B
:10559000000000000000000000000000000000000B
:1055A00000008000000080000000A80A00008000C9
:1055B000000080000000000000000000000000006B
:1055C00000000000000000000000000000000000DB
:1055D00000000000000000000000000000000000CB
:1055E00000000000000000000000000080004001FA
:1055F00080008000000100020000000000000000A8
:10560000000000000000000000000000000000009A
:105610000000000054150000000000000000000021
:10562000000000000000000000000000000000007A
:10563000000000000000000000000000000000006A
:10564000000000000000000000000000000000005A
:105650000000000080004001800000000000000009
:105660000000000000000000080000001000000022
:105670002000000040000000800000000001000049
:1056800000020000000400000008000000100000FC
:105690000020000000000000000000004001100495
:1056A0000000041000000220000002200000022080
:1056B0000000022000000220000002200000041070
:1056C0000000100440010000000000000000000085
:1056D00080000000800200008008000080000000C0
:1056E00080000000800000008000000080000000BA
:1056F0008000000080000000500500000000000055
:10570000000000004001100400000410000002200E
:105710000000022000000400000010000000400013
:10572000000000010000000400000010AA2A000090
:105730000000000000000000400110040000080804
:1057400000000800000010004000100000000400ED
:10575000000002000000020000000410000010041D
:1057600040010000000000000000000008200000D0
:105770000820000008200000082000000820000089
:1057800008200000AA2A000008000000080000000D
:1057900008000000080000000000000000000000F9
:1057A0005415000000100000001000000010000060
:1057B000401510000000040000000200000002007C
:1057C0000000040000001000401500000000000070
:1057D000000000004001100400000410000002203E
:1057E00000000020400110240010042000000220CE
:1057F000000002200000041000001004400100001E
:105800000000000000000000AA2A000004000000C0
:105810000800000010000000200000004000000010
:1058200080000000000100000002000000040000F1
:10583000000800000000000000000000400110040B
:1058400000000808000008080000100440011004CF
:1058500000000410000002200000022000000410DC
:1058600000001004400100000000000000000000E3
:10587000400110040000041000000220000002207B
:1058800000000210040012044001020000000200A7
:10589000000004100000100440010000000000009F
:1058A0000000000000000000000000008000400137
:1058B0008000000000000000000000000000000068
:1058C0008000400180000000000000000000000097
:1058D00000000000000000000000000000000000C8
:1058E0008000400180000000000000000000000077
:1058F00000000000800040018000800000010002E4
:105900000000000000000000000000000000000097
:1059100000000000000008002000800000020008D5
:1059200000028000200008000000000000000000CD
:105930000000000000000000000000000000000067
:105940000000000000000000000000000000000057
:105950000000541500000000541500000000000075
:105960000000000000000000000000000000000037
:10597000000000000000000000000000000000081F
:1059800000028000200008002000800000020008C3
:105990000000000000000000000000000000000007
:1059A00000000000000000000000000040011004A2
:1059B000000008080000080000001000000040007F
:1059C0000000800000008000000080000000000057
:1059D00080004001000000000000000000004001C5
:1059E0001004000008100000242140042440000896
:1059F000244000082840400420210000001000003E
:105A0000000800028000000000000000000000000C
:105A1000A00A0820000004400000044000000440E8
:105A20000000044000000440501504400000044001
:105A3000000004400000044004400000000000009A
:105A400000000000A02A080000200400002004003C
:105A50000020040000200800A02A08000020040004
:105A6000002004000020040000200800A02A0000FC
:105A70000000000000000000A00A08200000044010
:105A80000000004000000040000000400000004016
:105A9000000000400000004000000440000008201A
:105AA000A00A00000000000000000000A0AA0800FA
:105AB00000400400004004000040040000400400D6
:105AC00000400400004004000040040000400400C6
:105AD00000400800A0AA0000000000000000000034
:105AE000A82A000000200000002000000020000084
:105AF00000200000802A000000200000002000009C
:105B00000020000000200000A82A00000000000083
:105B100000000000A82A0000002000000020000073
:105B20000020000000200000802A0000002000006B
:105B300000200000002000000020000000200000E5
:105B40000000000000000000A00A0820000004403F
:105B5000000004400000044000000040000000403D
:105B600050010440000004400000044000000820F0
:105B7000A00A000000000000000000000220000059
:105B8000022000000220000002200000022000008D
:105B9000AA2A0000022000000220000002200000CB
:105BA00002200000022000000000000000000000B1
:105BB000A0020000800000008000000080000000C3
:105BC00080000000800000008000000080000000D5
:105BD0008000000080000000A00200000000000023
:105BE00000000000AC0204000000040000000400FB
:105BF0000000040000000400000004000000040095
:105C0000000004000000040000000808A0020000DA
:105C100000000000000000000440000010400000F0
:105C2000404000000041000000440000005000001F
:105C3000004400000041000040400000104000000F
:105C400004400000000000000000000000400000D0
:105C50000040000000400000004000000040000044
:105C60000040000000400000004000000040000034
:105C7000004000005455000000000000000000003B
:105C8000022000000A280000122400002222000046
:105C900042210000822000000220000002200000BB
:105CA000022000000220000002200000000000008E
:105CB0000000000002200000022000080220000472
:105CC0000220000202200001022080000220400089
:105CD0000220200002201000022008000220000004
:105CE0000000000000000000A00A0820000004409E
:105CF0000000044000000440000004400000044094
:105D0000000004400000044000000440000008209F
:105D1000A00A00000000000000000000A06A0800C7
:105D20000040040000400400004004000040040063
:105D300000400800A06A0000004000000040000091
:105D400000400000004000000000000000000000D3
:105D5000A00A0820000004400000044000000440A5
:105D60000000044000000440000004400000044023
:105D70000000044080000820A00A0000100000007D
:105D800000000000A06A0800004004000040040079
:105D9000004004000040040000400800A06A000029
:105DA00020400000084000000440000004400000C3
:105DB0000000000000000000A00A082000000440CD
:105DC000000004400000004000000020A00A08007D
:105DD000000004000000044000000440000008200F
:105DE000A00A00000000000000000000AA2A000035
:105DF00080000000800000008000000080000000A3
:105E00008000000080000000800000008000000092
:105E10008000000080000000000000000000000082
:105E2000044004400000044000000440000004401E
:105E30000000044000000440000004400000044052
:105E40000000044000000820A00A0000000000003C
:105E500000000000022000000220000002200000DC
:105E600002200000022000000410000008080000CA
:105E7000100400002002000040010000800000002B
:105E8000000000000000000004400000044000008A
:105E900004400000044000000440000004410000F1
:105EA00084420000444400002448000014500000D4
:105EB000044000000000000000000000041000008A
:105EC000080800001004000020020000400100004B
:105ED00080000000400100002002000010040000CB
:105EE000080800000410000000000000000000008E
:105EF0000410000008080000100400002002000048
:105F000040010000800000008000000080000000D0
:105F10008000000080000000800000000000000001
:105F200000000000541500000800000010000000F0
:105F30002000000040000000800000000001000080
:105F400000020000000400000008000054150000DA
:105F50000000000000000000A0020000000200009D
:105F60000002000000020000000200000002000029
:105F70000002000000020000000200000002000019
:105F8000A002000000000000000000000800000067
:105F90001000000020000000400000008000000011
:105FA00000010000000200000004000000080000E2
:105FB00000100000002000000000000000000000B1
:105FC000A0020000200000002000000020000000CF
:105FD0002000000020000000200000002000000041
:105FE0002000000020000000A002000000000000CF
:105FF00000000000800000002002000008080000EF
:106000000000000000000000000000000000000090
:106010000000000000000000000000000000000080
:106020000000000000000000000000000000000070
:106030000000000000000000000000000000000060
:106040000000000000000000000000000000000050
:10605000000000005455000000000000A0020000F5
:106060000000000000000000000000000000000030
:106070000000000000000000000000000000000020
:106080000000000000000000000000000000000010
:1060900000000000000000000000000040011004AB
:1060A0000000081000004801100400000810000063
:1060B0000810000008101004480100000000000053
:1060C00000000000000000000010000000100000B0
:1060D00080122008001010000010100000101000A6
:1060E00000101000001010000010200880120000A6
:1060F00000000000000000000000000000000000A0
:1061000000000000800220080000101000000010B5
:106110000000001000000010000010100000200817
:1061200080020000000000000000000000000000ED
:106130000400000004000000A4000802040000089D
:10614000040000080400000804000008040000081F
:1061500004000802A400000000000000000000008D
:106160000000000000000000000000008002200885
:10617000000010100000101000005015000000106A
:106180000000101000002008800200000000000045
:1061900000000000000000000000A0000802000055
:1061A00004040000000400000004800A0004000051
:1061B00000040000000400000004000000040000CF
:1061C00000000000000000000000000000000000CF
:1061D000000000004801180400000808000008083A
:1061E000000008080000180440010800000008082A
:1061F000000010044001000000000000000000004A
:106200000010000000100000801220080010100094
:1062100000101000001010000010100000101000FE
:10622000001010001010000000000000000000002E
:10623000000000000000800040018000000000001D
:10624000800200008000000080000000800000004C
:1062500080000000800000005005000000000000E9
:106260000000000000001000280010000000500195
:1062700000001000000010000000100000001000DE
:106280000000100800001008000010044001000089
:1062900000000000000000000000000000000000FE
:1062A000000000000808000020080000800800002E
:1062B000000A0000000A000080080000200800001A
:1062C00008080000000000000000000000150000A9
:1062D00000010000000100000001000000010000BA
:1062E00000010000000100000001000000010000AA
:1062F0000001000050150000000000000000000038
:10630000000000000000000000000000282A00003B
:1063100082200000822000008220000082200000F5
:106320008220000082200000822000000000000087
:10633000000000000000000000000000000000005D
:1063400000154000101000000810000008100000A8
:1063500008100000081000000810000008100000DD
:10636000000000000000000000000000000000002D
:106370000000000080022008000010100000101033
:106380000000101000001010000010100000200885
:10639000800200000000000000000000000000007B
:1063A0000000000000000000401510080010080068
:1063B0000010080000100800001008001010A00ACB
:1063C000001000000010000000100000000000009D
:1063D000000000000000000000000000A8021008FB
:1063E000080000100800001008000010080000104D
:1063F0000808500508000000080000000800000020
:10640000000000000000000000000000000000008C
:10641000A0080802000804040008000000080000AA
:10642000000800000008000000080000000800004C
:10643000000000000000000000000000000000005C
:106440000000000080022008000010100010000072
:10645000000880022000000010001000000020084A
:1064600080020000000000000000000000000000AA
:106470000008000040550008000000080000000867
:1064800000000008000000080000000800000008EC
:1064900000000004500100000000000000000000A7
:1064A00000000000000000000000000010101000BC
:1064B000001010000010100000101000001010005C
:1064C0000010100000104000001500000000000047
:1064D00000000000000000000000000000000000BC
:1064E00004400000044000000820000010100000DC
:1064F00020080000400400008002000000010000AD
:10650000000000000000000000000000000000008B
:106510000000000008200000082000000820000003
:106520000821000008210000082100008822000046
:1065300050140000000000000000000000000000F7
:106540000000000000000000080800001004000027
:1065500020020000400180004001000020020000F5
:106560001004000008080000000000000000000007
:106570000000000000000000000000000808080003
:10658000000808000008080000080800100448017E
:10659000000008000000080800001004400100008E
:1065A00000000000000000000000000000000000EB
:1065B000A00A000020000000400000008000000051
:1065C000000100000002000000040000A00A00001A
:1065D000000000000000000000002000800000001B
:1065E000000100000001000000020000000800009F
:1065F00000020000000100000001000080002000F7
:10660000000000000000000000000000000000008A
:106610000001000000010000000100000001000076
:106620000001000000010000000100000001000066
:106630000001000000010000000000000000000058
:10664000000000080002000000010000000100003E
:106650008000000020000000800000000001000019
:10666000000100000002000800000000000000001F
:10667000000000000000000000000000000000001A
:1066800000000000000A0000842000002800000034
:1066900000000000000000000000000000000000FA
:1066A00000000000000000000000000000000000EA
:1066B00000000000000000000000000000000000DA
:1066C00000000000000000000000000000000000CA
:1066D00000000000000000000000000000000000BA
:1066E00000000000000000000000000000000000AA
:1066F000000000000000000000000000000000009A
:106700000000000000000000000000000000000089
:106710000000000000000000000000000000000079
:106720000000000000000000000000000000000069
:106730000000000000000000000000000000000059
:106740000000000000000000000000000000000049
:106750000000000000000000000000000000000039
:106760000000000000000000000000000000000029
:106770000000000000000000000000000000000019
:106780000000000000000000000000000000000009
:1067900000000000000000000000000000000000F9
:1067A00000000000000000000000000000000000E9
:1067B00000000000000000000000000000000000D9
:1067C00000000000000000000000000000000000C9
:1067D00000000000000000000000000000000000B9
:1067E00000000000000000000000000000000000A9
:1067F0000000000000000000000000000000000099
:106800000000000000000000000000000000000088
:106810000000000000000000000000000000000078
:106820000000000000000000000000000000000068
:106830000000000000000000000000000000000058
:106840000000000000000000000000000000000048
:106850000000000000000000000000000000000038
:106860000000000000000000000000000000000028
:106870000000000000000000000000000000000018
:106880000000000000000000000000000000000008
:1068900000000000000000000000000000000000F8
:1068A00000000000000000000000000000000000E8
:1068B00000000000000000000000000000000000D8
:1068C00000000000000000000000000000000000C8
:1068D00000000000000000000000000000000000B8
:1068E00000000000000000000000000000000000A8
:1068F0000000000000000000000000000000000098
:106900000000000000000000000000000000000087
:106910000000000000000000000000000000000077
:106920000000000000000000000000000000000067
:106930000000000000000000000000000000000057
:106940000000000000000000000000000000000047
:106950000000000000000000000000000000000037
:106960000000000000000000000000000000000027
:106970000000000000000000000000000000000017
:106980000000000000000000000000000000000007
:1069900000000000000000000000000000000000F7
:1069A00000000000000000000000000000000000E7
:1069B00000000000000000000000000000000000D7
:1069C00000000000000000000000000000000000C7
:1069D00000000000000000000000000000000000B7
:1069E00000000000000000000000000000000000A7
:1069F0000000000000000000000000000000000097
:106A00000000000000000000000000000000000086
:106A10000000000000000000000000000000000076
:106A20000000000000000000000000000000000066
:106A30000000000000000000000000000000000056
:106A40000000000000000000000000000000000046
:106A50000000000000000000000000000000000036
:106A60000000000000000000000000000000000026
:106A70000000000000000000000000000000000016
:106A80000000000000000000000000000000000006
:106A900000000000000000000000000000000000F6
:106AA00000000000000000000000000000000000E6
:106AB00000000000000000000000000000000000D6
:106AC00000000000000000000000000000000000C6
:106AD00000000000000000000000000000000000B6
:106AE00000000000000000000000000000000000A6
:106AF0000000000000000000000000000000000096
:106B00000000000000000000000000000000000085
:106B10000000000000000000000000000000000075
:106B20000000000000000000000000000000000065
:106B30000000000000000000000000000000000055
:106B40000000000000000000000000000000000045
:106B50000000000000000000000000000000000035
:106B60000000000000000000000000000000000025
:106B70000000000000000000000000000000000015
:106B80000000000000000000000000000000000005
:106B900000000000000000000000000000000000F5
:106BA00000000000000000000000000000000000E5
:106BB00000000000000000000000000000000000D5
:106BC00000000000000000000000000000000000C5
:106BD00000000000000000000000000000000000B5
:106BE00000000000000000000000000000000000A5
:106BF0000000000000000000000000000000000095
:106C00000000000000000000000000000000000084
:106C10000000000000000000000000000000000074
:106C20000000000000000000000000000000000064
:106C30000000000000000000000000000000000054
:106C40000000000000000000000000000000000044
:106C50000000000000000000000000000000000034
:106C60000000000000000000000000000000000024
:106C70000000000000000000000000000000000014
:106C80000000000000000000000000000000000004
:106C900000000000000000000000000000000000F4
:106CA00000000000000000000000000000000000E4
:106CB00000000000000000000000000000000000D4
:106CC00000000000000000000000000000000000C4
:106CD00000000000000000000000000000000000B4
:106CE00000000000000000000000000000000000A4
:106CF0000000000000000000000000000000000094
:106D00000000000000000000000000000000000083
:106D10000000000000000000000000000000000073
:106D20000000000000000000000000000000000063
:106D30000000000000000000000000000000000053
:106D40000000000000000000000000000000000043
:106D50000000000000000000000000000000000033
:106D60000000000000000000000000000000000023
:106D70000000000000000000000000000000000013
:106D80000000000000000000000000000000000003
:106D900000000000000000000000000000000000F3
:106DA00000000000000000000000000000000000E3
:106DB00000000000000000000000000000000000D3
:106DC00000000000000000000000000000000000C3
:106DD00000000000000000000000000000000000B3
:106DE00000000000000000000000000000000000A3
:106DF0000000000000000000000000000000000093
:106E00000000000000000000000000000000000082
:106E10000000000000000000000000000000000072
:106E20000000000000000000000000000000000062
:106E30000000000000000000000000000000000052
:106E40000000000000000000000000000000000042
:106E50000000000000000000000000000000000032
:106E60000000000000000000000000000000000022
:106E70000000000000000000000000000000000012
:106E80000000000000000000000000000000000002
:106E900000000000000000000000000000000000F2
:106EA00000000000000000000000000000000000E2
:106EB00000000000000000000000000000000000D2
:106EC00000000000000000000000000000000000C2
:106ED00000000000000000000000000000000000B2
:106EE00000000000000000000000000000000000A2
:106EF0000000000000000000000000000000000092
:106F00000000000000000000000000000000000081
:106F10000000000000000000000000000000000071
:106F20000000000000000000000000000000000061
:106F30000000000000000000000000000000000051
:106F40000000000000000000000000000000000041
:106F50000000000000000000000000000000000031
:106F60000000000000000000000000000000000021
:106F70000000000000000000000000000000000011
:106F80000000000000000000000000000000000001
:106F900000000000000000000000000000000000F1
:106FA00000000000000000000000000000000000E1
:106FB00000000000000000000000000000000000D1
:106FC00000000000000000000000000000000000C1
:106FD00000000000000000000000000000000000B1
:106FE00000000000000000000000000000000000A1
:106FF0000000000000000000000000000000000091
:107000000000000000000000000000000000000080
:107010000000000000000000000000000000000070
:107020000000000000000000000000000000000060
:107030000000000000000000000000000000000050
:107040000000000000000000000000000000000040
:107050000000000000000000000000000000000030
:107060000000000000000000000000000000000020
:107070000000000000000000000000000000000010
:107080000000000000000000000000000000000000
:1070900000000000000000000000000000000000F0
:1070A00000000000000000000000000000000000E0
:1070B00000000000000000000000000000000000D0
:1070C00000000000000000000000000000000000C0
:1070D00000000000000000000000000000000000B0
:1070E00000000000000000000000000000000000A0
:1070F0000000000000000000000000000000000090
:10710000000000000000000000000000000000007F
:10711000000000000000000000000000000000006F
:10712000000000000000000000000000000000005F
:10713000000000000000000000000000000000004F
:10714000000000000000000000000000000000003F
:10715000000000000000000000000000000000002F
:10716000000000000000000000000000000000001F
:10717000000000000000000000000000000000000F
:1071800000000000000000000000000000000000FF
:1071900000000000000000000000000000000000EF
:1071A00000000000000000000000000000000000DF
:1071B00000000000000000000000000000000000CF
:1071C00000000000000000000000000000000000BF
:1071D00000000000000000000000000000000000AF
:1071E000000000000000000000000000000000009F
:1071F000000000000000000000000000000000008F
:10720000000000000000000000000000000000007E
:10721000000000000000000000000000000000006E
:10722000000000000000000000000000000000005E
:10723000000000000000000000000000000000004E
:10724000000000000000000000000000000000003E
:10725000000000000000000000000000000000002E
:10726000000000000000000000000000000000001E
:10727000000000000000000000000000000000000E
:1072800000000000000000000000000000000000FE
:1072900000000000000000000000000000000000EE
:1072A00000000000000000000000000000000000DE
:1072B00000000000000000000000000000000000CE
:1072C00000000000000000000000000000000000BE
:1072D00000000000000000000000000000000000AE
:1072E000000000000000000000000000000000009E
:1072F000000000000000000000000000000000008E
:10730000000000000000000000000000000000007D
:10731000000000000000000000000000000000006D
:10732000000000000000000000000000000000005D
:10733000000000000000000000000000000000004D
:10734000000000000000000000000000000000003D
:10735000000000000000000000000000000000002D
:10736000000000000000000000000000000000001D
:10737000000000000000000000000000000000000D
:1073800000000000000000000000000000000000FD
:1073900000000000000000000000000000000000ED
:1073A00000000000000000000000000000000000DD
:1073B00000000000000000000000000000000000CD
:1073C00000000000000000000000000000000000BD
:1073D00000000000000000000000000000000000AD
:1073E000000000000000000000000000000000009D
:1073F000000000000000000000000000000000008D
:10740000000000000000000000000000000000007C
:10741000000000000000000000000000000000006C
:10742000000000000000000000000000000000005C
:10743000000000000000000000000000000000004C
:10744000000000000000000000000000000000003C
:10745000000000000000000000000000000000002C
:10746000000000000000000000000000000000001C
:10747000000000000000000000000000000000000C
:1074800000000000000000000000000000000000FC
:1074900000000000000000000000000000000000EC
:1074A00000000000000000000000000000000000DC
:1074B00000000000000000000000000000000000CC
:1074C00000000000000000000000000000000000BC
:1074D00000000000000000000000000000000000AC
:1074E000000000000000000000000000000000009C
:1074F000000000000000000000000000000000008C
:10750000000000000000000000000000000000007B
:10751000000000000000000000000000000000006B
:10752000000000000000000000000000000000005B
:10753000000000000000000000000000000000004B
:10754000000000000000000000000000000000003B
:10755000000000000000000000000000000000002B
:10756000000000000000000000000000000000001B
:10757000000000000000000000000000000000000B
:1075800000000000000000000000000000000000FB
:1075900000000000000000000000000000000000EB
:1075A00000000000000000000000000000000000DB
:1075B00000000000000000000000000000000000CB
:1075C00000000000000000000000000000000000BB
:1075D00000000000000000000000000000000000AB
:1075E000000000000000000000000000000000009B
:1075F000000000000000000000000000000000008B
:10760000000000000000000000000000000000007A
:10761000000000000000000000000000000000006A
:10762000000000000000000000000000000000005A
:10763000000000000000000000000000000000004A
:10764000000000000000000000000000000000003A
:10765000000000000000000000000000000000002A
:10766000000000000000000000000000000000001A
:10767000000000000000000000000000000000000A
:1076800000000000000000000000000000000000FA
:1076900000000000000000000000000000000000EA
:1076A00000000000000000000000000000000000DA
:1076B00000000000000000000000000000000000CA
:1076C00000000000000000000000000000000000BA
:1076D00000000000000000000000000000000000AA
:1076E000000000000000000000000000000000009A
:1076F000000000000000000000000000000000008A
:107700000000000000000000000000000000000079
:107710000000000000000000000000000000000069
:107720000000000000000000000000000000000059
:107730000000000000000000000000000000000049
:107740000000000000000000000000000000000039
:107750000000000000000000000000000000000029
:107760000000000000000000000000000000000019
:107770000000000000000000000000000000000009
:1077800000000000000000000000000000000000F9
:1077900000000000000000000000000000000000E9
:1077A00000000000000000000000000000000000D9
:1077B00000000000000000000000000000000000C9
:1077C00000000000000000000000000000000000B9
:1077D00000000000000000000000000000000000A9
:1077E0000000000000000000000000000000000099
:1077F0000000000000000000000000000000000089
:107800000000000000000000000000000000000078
:107810000000000000000000000000000000000068
:107820000000000000000000000000000000000058
:107830000000000000000000000000000000000048
:107840000000000000000000000000000000000038
:107850000000000000000000000000000000000028
:107860000000000000000000000000000000000018
:107870000000000000000000000000000000000008
:1078800000000000000000000000000000000000F8
:1078900000000000000000000000000000000000E8
:1078A00000000000000000000000000000000000D8
:1078B00000000000000000000000000000000000C8
:1078C00000000000000000000000000000000000B8
:1078D00000000000000000000000000000000000A8
:1078E0000000000000000000000000000000000098
:1078F0000000000000000000000000000000000088
:107900000000000000000000000000000000000077
:107910000000000000000000000000000000000067
:107920000000000000000000000000000000000057
:107930000000000000000000000000000000000047
:107940000000000000000000000000000000000037
:107950000000000000000000000000000000000027
:107960000000000000000000000000000000000017
:107970000000000000000000000000000000000007
:1079800000000000000000000000000000000000F7
:1079900000000000000000000000000000000000E7
:1079A00000000000000000000000000000000000D7
:1079B00000000000000000000000000000000000C7
:1079C00000000000000000000000000000000000B7
:1079D00000000000000000000000000000000000A7
:1079E0000000000000000000000000000000000097
:1079F0000000000000000000000000000000000087
:107A00000000000000000000000000000000000076
:107A10000000000000000000000000000000000066
:107A20000000000000000000000000000000000056
:107A30000000000000000000000000000000000046
:107A40000000000000000000000000000000000036
:107A50000000000000000000000000000000000026
:107A60000000000000000000000000000000000016
:107A70000000000000000000000000000000000006
:107A800000000000000000000000000000000000F6
:107A900000000000000000000000000000000000E6
:107AA00000000000000000000000000000000000D6
:107AB00000000000000000000000000000000000C6
:107AC00000000000000000000000000000000000B6
:107AD00000000000000000000000000000000000A6
:107AE0000000000000000000000000000000000096
:107AF0000000000000000000000000000000000086
:107B00000000000000000000000000000000000075
:107B10000000000000000000000000000000000065
:107B20000000000000000000000000000000000055
:107B30000000000000000000000000000000000045
:107B40000000000000000000000000000000000035
:107B50000000000000000000000000000000000025
:107B60000000000000000000000000000000000015
:107B70000000000000000000000000000000000005
:107B800000000000000000000000000000000000F5
:107B900000000000000000000000000000000000E5
:107BA00000000000000000000000000000000000D5
:107BB00000000000000000000000000000000000C5
:107BC00000000000000000000000000000000000B5
:107BD00000000000000000000000000000000000A5
:107BE0000000000000000000000000000000000095
:107BF0000000000000000000000000000000000085
:107C00000000000000000000000000000000000074
:107C10000000000000000000000000000000000064
:107C20000000000000000000000000000000000054
:107C30000000000000000000000000000000000044
:107C40000000000000000000000000000000000034
:107C50000000000000000000000000000000000024
:107C60000000000000000000000000000000000014
:107C70000000000000000000000000000000000004
:107C800000000000000000000000000000000000F4
:107C900000000000000000000000000000000000E4
:107CA00000000000000000000000000000000000D4
:107CB00000000000000000000000000000000000C4
:107CC00000000000000000000000000000000000B4
:107CD00000000000000000000000000000000000A4
:107CE0000000000000000000000000000000000094
:107CF0000000000000000000000000000000000084
:107D00000000000000000000000000000000000073
:107D10000000000000000000000000000000000063
:107D20000000000000000000000000000000000053
:107D30000000000000000000000000000000000043
:107D40000000000000000000000000000000000033
:107D50000000000000000000000000000000000023
:107D60000000000000000000000000000000000013
:107D70000000000000000000000000000000000003
:107D800000000000000000000000000000000000F3
:107D900000000000000000000000000000000000E3
:107DA00000000000000000000000000000000000D3
:107DB00000000000000000000000000000000000C3
:107DC00000000000000000000000000000000000B3
:107DD00000000000000000000000000000000000A3
:107DE0000000000000000000000000000000000093
:107DF0000000000000000000000000000000000083
:107E00000000000000000000000000000000000072
:107E10000000000000000000000000000000000062
:107E20000000000000000000000000000000000052
:107E30000000000000000000000000000000000042
:107E40000000000000000000000000000000000032
:107E50000000000000000000000000000000000022
:107E60000000000000000000000000000000000012
:107E70000000000000000000000000000000000002
:107E800000000000000000000000000000000000F2
:107E900000000000000000000000000000000000E2
:107EA00000000000000000000000000000000000D2
:107EB00000000000000000000000000000000000C2
:107EC00000000000000000000000000000000000B2
:107ED00000000000000000000000000000000000A2
:107EE0000000000000000000000000000000000092
:107EF0000000000000000000000000000000000082
:107F00000000000000000000000000000000000071
:107F10000000000000000000000000000000000061
:107F20000000000000000000000000000000000051
:107F30000000000000000000000000000000000041
:107F40000000000000000000000000000000000031
:107F50000000000000000000000000000000000021
:107F60000000000000000000000000000000000011
:107F70000000000000000000000000000000000001
:107F800000000000000000000000000000000000F1
:107F900000000000000000000000000000000000E1
:107FA00000000000000000000000000000000000D1
:107FB00000000000000000000000000000000000C1
:107FC00000000000000000000000000000000000B1
:107FD00000000000000000000000000000000000A1
:107FE0000000000000000000000000000000000091
:107FF0000000000000000000000000000000000081
:108000000000000000000000000000000000000070
:108010000000000000000000000000000000000060
:108020000000000000000000000000000000000050
:108030000000000000000000000000000000000040
:108040000000000000000000000000000000000030
:108050000000000000000000000000000000000020
:108060000000000000000000000000000000000010
:108070000000000000000000000000000000000000
:1080800000000000000000000000000000000000F0
:1080900000000000000000000000000000000000E0
:1080A00000000000000000000000000000000000D0
:1080B00000000000000000000000000000000000C0
:1080C00000000000000000000000000000000000B0
:1080D00000000000000000000000000000000000A0
:1080E0000000000000000000000000000000000090
:1080F0000000000000000000000000000000000080
:10810000000000000000000000000000000000006F
:10811000000000000000000000000000000000005F
:10812000000000000000000000000000000000004F
:10813000000000000000000000000000000000003F
:10814000000000000000000000000000000000002F
:10815000000000000000000000000000000000001F
:10816000000000000000000000000000000000000F
:1081700000000000000000000000000000000000FF
:1081800000000000000000000000000000000000EF
:1081900000000000000000000000000000000000DF
:1081A00000000000000000000000000000000000CF
:1081B00000000000000000000000000000000000BF
:1081C00000000000000000000000000000000000AF
:1081D000000000000000000000000000000000009F
:1081E000000000000000000000000000000000008F
:1081F000000000000000000000000000000000007F
:10820000000000000000000000000000000000006E
:10821000000000000000000000000000000000005E
:10822000000000000000000000000000000000004E
:10823000000000000000000000000000000000003E
:108240002000000020000000AA0200002000000022
:1082500020000000000000000000000000000000FE
:10826000000000000000000000000000000000000E
:1082700000000000000000000000000000000000FE
:108280000000000000000000AA0200000000000042
:1082900000000000000000000000000000000000DE
:1082A00000000000000000000000000000000000CE
:1082B00000000000000000000000000000000000BE
:1082C00000000000000000000000000000000000AE
:1082D0000000000000000000000000005000040149
:1082E000800002024000020220000202100002028E
:1082F0000800040150000000000000002000000001
:10830000A00000002000000020000000200000006D
:1083100020000000A8000000000000005001040040
:10832000000204000000080000002000000080009F
:1083300000000002A802000000000000A0000802E7
:108340000000040000000800A00004000000040079
:1083500000000802A000000000000000080000006B
:108360002800000088000000AA02000008000000A9
:10837000080000000800000000000000A802000043
:1083800000020000A0020800000004000000040039
:1083900000000802A00000000000000050000401DE
:1083A000000000025000040200000202000002026D
:1083B000000004015000000000000000A8020000BE
:1083C00010000000200000004000000080000000BD
:1083D0000001000000020000000000005000040145
:1083E000000004015000040100000202000002022B
:1083F00000000401500000000000000050000401D3
:10840000000002020000020200000201500002000F
:108410000000040150000000000000000000000007
:10842000000000000000000000000000000000004C
:10843000000000000000000000000000000000003C
:10844000000000000000000000000000000000002C
:10845000000000000000000000000000000000001C
:108460000800000020000000800000002000000044
:1084700008000000000000000000000000000000F4
:108480000000000000005401000054010000000042
:1084900000000000000000000000000000000000DC
:1084A0008000000020000000080000002000000004
:1084B000800000000000000000000000000000003C
:1084C00000000000000000000000000000000000AC
:1084D000000000000000000000000000000000009C
:1084E000000000000000000000000000000000008C
:1084F000000000000000000000000000A0000000DC
:108500000802000008020000A802000008020000A3
:10851000080200000802000000000000A0020000A5
:108520000802000008020000A0020000080200008B
:1085300008020000A002000000000000500004013A
:108540000000000200000002000000020000000223
:10855000000004015000000000000000A00208001C
:1085600000020400000204000002040000020400F3
:1085700000020800A002000000000000A8020000A5
:108580000002000000020000A00200000002000043
:1085900000020000A802000000000000A802000085
:1085A0000002000000020000A00200000002000023
:1085B0000002000000020000000000005000040162
:1085C000000000020000000200002A020000020277
:1085D000000004015000000000000000080200003C
:1085E0000802000008020000A802000008020000C3
:1085F00008020000080200000000000050002000F7
:1086000000002000000020000000200000002000EA
:10861000000020005000000000000000A802000040
:10862000080000000800000008000000080000002A
:1086300008020000A000000000000000020100008D
:10864000080100002001000040010000200100009E
:10865000080100000201000000000000000200000C
:108660000002000000020000000200000002000002
:1086700000020000A80200000000000002028800C2
:10868000020250000202200002020000020200006A
:1086900002020000020200000000000004020000CC
:1086A00004028000040240000402200004021000C2
:1086B0000402000004020000000000005000040159
:1086C000000002020000020200000202000002029A
:1086D000000004015000000000000000A00208009B
:1086E000000204000002040000020800A0020000D2
:1086F0000002000000020000000000005000040121
:108700000000020200000202000002020000020259
:10871000080004015200000000000000A002080050
:10872000000204000002040000020800A002000091
:1087300010020000040200000000000050000401CC
:108740000000000200000002A80002000000020079
:10875000000004015000000000000000AA02000018
:108760002000000020000000200000002000000089
:1087700020000000200000000000000002020202B1
:1087800000000202000002020000020200000202D9
:108790000000040150000000000000000202000080
:1087A0000202000002020000040100008800000034
:1087B0005000000020000000000000000202000045
:1087C0000202000002020000020200000202000099
:1087D00024010000880000000000000002020000E8
:1087E0000202000088000000200000008800000055
:1087F000020200000202000000000000020200006D
:10880000020200008800000020000000200000009C
:10881000200000002000000000000000A80200006E
:108820001000000020000000400000008000000058
:1088300000010000A802000000000000000000008D
:108840000000000000000000000000000000000028
:108850000000000000000000000000000000000018
:108860000000000000000000000000000000000008
:1088700000000000000000000000000000000000F8
:1088800000000000000000000000000000000000E8
:1088900000000000000000000000000000000000D8
:1088A00000000000000000000000000000000000C8
:1088B00000000000000000000000000000000000B8
:1088C00000000000000000000000000000000000A8
:1088D0000000000000000000000000000000000098
:1088E0000000000000000000000000000000000088
:1088F0000000000000000000000000000000000078
:1089000000000000500000010400500004010000BD
:1089100004010000540000000000000000000000FE
:1089200000010000500100000401000004010000EB
:1089300004010000500100000000000000000000E1
:1089400000000000500004000001000000010000D1
:1089500000010400500000000000000000000000C2
:1089600004000000540000000401000004010000A5
:10897000040100005400000000000000000000009E
:10898000000000005000000004010000540100003D
:108990000001000050000000000000000000000086
:1089A000500000004800000050010000400000009E
:1089B0004000000040000000000000000000000037
:1089C00000000000500000000401000004015000FD
:1089D00088003400C8000000000000000000000013
:1089E000000100001001400004010000040100002B
:1089F000040100000401000000000000000000006D
:108A00000000200000000000A00000002000000086
:108A100020000000500000000000000000001000D6
:108A200000000000500000001000000010000000D6
:108A300010000000A0000000000000000000000086
:108A400000010000040100001001000040010000CE
:108A50001001000004010000000000000000000000
:108A6000A000000020000000200000002000000006
:108A70002000000050000000000000000000000086
:108A8000000000005001000024010000240100004B
:108A9000240100002401000000000000000000008C
:108AA000000000001001400004010000040100006B
:108AB00004010000040100000000000000000000AC
:108AC000000000005000000004010000040100004C
:108AD0000401000050000000000000000000000041
:108AE000000000005001000004010000040100002B
:108AF0005001000000010000000000000000000024
:108B0000000000005000000004010000040100000B
:108B100014010000540000000000000000000000EC
:108B200000000000100140000401000000010000EE
:108B30000001000000010000000000000000000033
:108B4000000000005400000100000001500004007B
:108B500000000400500100000000000000000000C0
:108B600040000000400010014000000040000000F4
:108B7000400000002800000000000000000000008D
:108B800000000000040100000401000004010000D6
:108B9000040100005200000000000000000000007E
:108BA00000000000040100000401000004010000B6
:108BB000880000002000000000000000000000000D
:108BC0000000000004010000040100000401000096
:108BD00024010000880000000000000000000000E8
:108BE00000000000040100008800000020000000D8
:108BF00088000000040100000000000000000000E8
:108C000000000000040100000401000088000000D2
:108C100020000000800000000000000000000000B4
:108C200000000000540100000800000020000000C7
:108C3000800000005401000000000000000000005F
:108C40000000000000000000000000000000000024
:108C50000000000000000000000000000000000014
:108C60000000000000000000000000000000000004
:108C700000000000000000000000000000000000F4
:108C800000000000000000000000000000000000E4
:108C900000000000000000000000000000000000D4
:108CA00000000000000000000000000000000000C4
:108CB000000000000000000025000000000000008F
:108CC0001EF80F001EFC1F001EFE3F001EFE3F0090
:108CD0001EFF7F001E1F7C001E0F78001E0F7800F5
:108CE0001E0F78001E0F78001E0F78001E0F7800F0
:108CF0001E0F78001E0F78001E0F78001E0F7800E0
:108D00001E0F78001E0F78001E0F78001E0F7800CF
:108D10001E0F78001E0F78001E0F78001E0F7800BF
:108D20001E0F78001E0F78001E0F78001E0F7800AF
:108D30001E0F78003E0F7800FEFF7F00FEFF7F00D1
:108D4000FCFF7F00FCFF7F00F8FF7F00E0FF7F005B
:108D5000000000002500000000000000FEFF1F00D2
:108D6000FEFF3F00FEFF7F00FEFF7F00FEFF7F0053
:108D7000FEFF7F0000007E0000007C000000780005
:108D80000000780000007800000078000000780003
:108D900000007800000078000000780000007800F3
:108DA00000007800000078000000780000007800E3
:108DB00000007800000078000000780000007800D3
:108DC00000007800000078000000780000007800C3
:108DD00000007800000078000000780000007800B3
:108DE000000078000000780000007800000000001B
:108DF0002500000000000000E0FF0700F8FF1F0052
:108E0000FCFF3F00FCFF3F00FCFF7F00FEFF7F00F8
:108E10003E3C7E001E3C7C001E3C78001E3C7800E0
:108E20001E3C78001E3C78001E3C78001E3C7800FA
:108E30001E3C78001E3C78001E3C78001E3C7800EA
:108E40001E3C78001E3C78001E3C78001E3C7800DA
:108E50001E3C78001E3C78001E3C78001E3C7800CA
:108E60001E3C78001E3C78001E3C78001E3C7800BA
:108E70001E0078001E0078001E0078001E0078009A
:108E80001E0078001E007800000000002500000091
:108E9000FFFF7F00FFFF7F00FFFF7F00FFFF7F00DE
:108EA000FFFF7F00FFFF7F00007F000080FF0000CA
:108EB00080FF000080FF0000C0FF0100C0FF010034
:108EC000C0E30100C0E30100E0E30300E0E30300CE
:108ED000E0C10300E0C10300F0C10700F0C10700DA
:108EE000F0800700F0800700F8800F00F8800F0086
:108EF00078000F0078000F007C001F007C001F002E
:108F00003C001E003C001E003E003E003E003E00B5
:108F10001E003C001E003C001F007C001F007C0067
:108F20000F00780000000000250000000000000095
:108F3000F0037800F8077800FC0F7800FE1F780037
:108F4000FE3F7800FE3F78003E3E78001E3C7800F1
:108F50001E3C78001E3C78001E3C78001E3C7800C9
:108F60001E3C78001E3C78001E3C78001E3C7800B9
:108F70001E3C78001E3C78001E3C78001E3C7800A9
:108F80001E3C78001E3C78001E3C78001E3C780099
:108F90001E3C78001E3C78001E3C78001E3C780089
:108FA0001E3C78001E3C78001E7C7C001EFC7F006E
:108FB0001EFC7F001EF83F001EF01F001EE00F0089
:108FC0000000000000000000000000005F00000042
:108FD000000300030000143E143E1400242A7F2ADC
:108FE0001200231308646200364955225000000520
:108FF00003000000001C224100000041221C000070
:1090000014083E08140008083E080800005030000C
:109010000000080808080800006060000000201038
:10902000080402003E5149453E0000427F400000D6
:109030004261514946002141454B31001814127FCD
:1090400010002745454539003C4A49493000017127
:1090500009050300364949493600064949291E00D9
:109060000000000000000000000000000000000000
:1090700000000000000000000000000000000000F0
:10908000000000000000000000007E0909097E00C9
:109090007F49494936003E41414122007F414141DB
:1090A0003E007F49494941007F09090901003E41CD
:1090B00049497A007F0808087F0000417F4100008D
:1090C0002040413F01007F08142241007F40404082
:1090D00040007F0204027F007F0204087F003E41BF
:1090E00041413E007F09090906003E4151215E00D1
:1090F0007F091929460026494949320001017F01AB
:1091000001003F4040403F001F2040201F007F20C3
:1091100010207F0063140814630003047804030024
:10912000615149454300007F41410000020408109D
:1091300020000041417F0000040201020400404081
:1091400040404000000102040000205454547800C4
:109150007F4844443800384444442000384444485C
:109160007F00385454541800087E090102000C5244
:1091700052523E007F080404780000447D40000005
:109180002040443D00007F102844000000417F4003
:1091900000007C04180478007C080404780038443B
:1091A000444438007C1414140800081414187C007B
:1091B0007C0804040800485454542000043F4440F0
:1091C00020003C4040207C001C2040201C003C40F3
:1091D00030403C004428102844000C5050503C00C3
:1091E0004464544C440000083641000000007F00F5
:1091F0000000004136080000303132333435363754
:1092000038394142434445460042414C3A202564A6
:1092100020202020202000464C543A20462D256452
:10922000202020202000494E3A20434F4120004971
:109230004E3A205553422000494E3A204F50542078
:1092400000555342204453442034342E31004453BB
:10925000443634202020322E3832320044534431F8
:1092600032382020352E36343400445344313032E5
:10927000342034352E3135004453443531322032D8
:10928000322E353739004453443235362031312EB1
:109290003238390044414320495320204D5554452C
:1092A000440050434D20202034342E316B487A0046
:1092B00050434D2020313431312E326B487A0050EA
:1092C000434D20202038382E326B487A0050434DD1
:1092D000202020203139326B487A0050434D202025
:1092E0003137362E346B487A0050434D20202020F1
:1092F0003338346B487A0050434D20203730352EB8
:10930000366B487A0050434D2020202031353336CB
:109310006B487A0050434D202020202039366B487E
:109320007A0050434D20203335322E386B487A0076
:1093300050434D202020202034386B487A00504381
:109340004D202020203736386B487A00989400084A
:10935000000000201800000028010008B094000858
:1093600018000020A0200000440100081C0000009C
:1093700043000000F8FFFFFF0C0000000E0000009B
:109380000F0000002E00000010010000430000004C
:10939000F8FFFFFF00404040404040404040414116
:1093A00041414140404040404040404040404040BA
:1093B0004040404040050202020202020202020254
:1093C0000202020202202020202020202020200251
:1093D00002020202020290909090909010101010E1
:1093E000101010101010101010101010101010107D
:1093F0000202020202028888888888880808080811
:1094000008080808080808080808080808080808DC
:109410000202020240000000000000000000000004
:10942000000000000000000000000000000000003C
:10943000000000000000000000000000000000002C
:10944000000000000000000000000000000000001C
:10945000000000000000000000000000000000000C
:1094600000000000000000000000000000000000FC
:1094700000000000000000000000000000000000EC
:1094800000000000000000000000000000000000DC
:1094900000000000000000000128000000A24A04B3
:1094A0002C0100003408000001280000000000002A
:04000005080000ED02
:00000001FF
